Abu Ali ibn Sino-1 dahasi	Abu Ali ibn Sino-1 massive	Массив Абу Али ибн Сино-1 массив	41.3342108	69.1681859	7	174
Abu Ali ibn Sino-2 dahasi	Abu Ali ibn Sino-2 massive	Абу Али ибн Сино-2 массив	41.3385668	69.1702386	7	175
Ahmad Yugnakiy dahasi	AKhmad Yugnakiy massive	Ахмада Югнаки массив	41.3483764	69.3862285	5	103
Akademiya shaharchasi	Academy town	Академгородок	41.3380800	69.3473712	5	115
Aklan	Aklan	Аклан	41.3138069	69.2091423	7	171
Al-Horazmiy 1 dahasi	Al-Khwarizmi 1 massive	Аль-Хорезми 1 массив	41.2590089	69.1543543	3	43
Al-Horazmiy aylanmasi	Al-Khwarizmi circle	Круг Аль-Хорезми	41.2756153	69.1949147	3	74
Algoritm	Algoritm	Алгоритм	41.2636372	69.1583026	3	77
Asalobod 1	Aslabad 1	Асалабад 1	41.2816017	69.3388731	10	235
Asalobod 2	Aslabad 2	Асалабад 2	41.2819563	69.3360843	10	236
Aviagorodok-22 dahasi	Aviagorodok-22 massive	Авиагородок-22 массив	41.3022203	69.3110708	10	224
Aviasozlar 2 dahasi	Aviasozlar 2 massive	Авиасозлар 2 массив	41.2828198	69.3454649	10	231
Aviasozlar 3 dahasi	Aviasozlar 3 massive	Авиасозлар 3 массив	41.2885535	69.3412442	10	232
Aviasozlar 4 dahasi	Aviasozlar 4 massive	Авиасозлар 4 массив	41.2969687	69.3463523	10	233
Avtomobilchi guzar	Avtomobilchi guzar	Автомобилчи гузар	41.2166694	69.3013420	2	34
Bekobod dahasi	Bekabad massive	Бекабад массив	41.3208987	69.1664037	8	201
Bektemir (Suvchi) dahasi	Bektemir (Suvchi) massive	Бектимир (Сувчи) массив	41.2518266	69.3756741	2	35
Beltepa dahasi	Beltepa massive	Белтепа массив	41.3428566	69.1701049	7	176
Beruniy 1 mikrorayon	Beruniy 1 microdistrict	Беруни 1 микрорайон	41.3325650	69.2224277	1	26
Beruniy 3 mikrorayon	Beruniy 3 microdistrict	Беруни 3 микрорайон	41.3376815	69.2151677	1	18
Beshqayrog'och	Beshkayragach	Бешкаирагач	41.3015558	69.1572546	8	199
Beshqo'rg'on	Beshkurgon	Бешкурган	41.3738290	69.1998054	1	2
Beshqo'rg'on 1 dahasi	Beshkurgon 1 massive	Бешкурган 1 массив	41.3691630	69.2022002	1	11
Beshqo'rg'on 2 dahasi	Beshkurgon 2 massive	Бешкурган 2 массив	41.3650125	69.2005383	1	12
Beshqo'rg'on 3 dahasi	Beshkurgon 3 massive	Бешкурган 3 массив	41.3676102	69.1959125	1	13
Beshqo'rg'on 4 dahasi	Beshkurgon 4 massive	Бешкурган 4 массив	41.3664927	69.2019765	1	14
Beshyog'och dahasi	Beshagach massive	Бешагач массив	41.3100143	69.2369274	7	179
Beshyog'och maydoni	Beshyagach square	Площадь Бешагач	41.3043920	69.2471362	3	37
Birlik	Birlik	Бирлик	41.2951686	69.1551755	8	190
Birodarlik (Sputnik) 1 dahasi	Birodarlik (Sputnik) 1 massive	Биродарлик (Спутник) 1 массив	41.2009053	69.2143447	6	133
Birodarlik (Sputnik) 1C dahasi	Birodarlik (Sputnik) 1C massive	Биродарлик (Спутник) 1Ц массив	41.2023421	69.2177007	6	139
Birodarlik (Sputnik) 2 dahasi	Birodarlik (Sputnik) 2 massive	Биродарлик (Спутник) 2 массив	41.2037066	69.2209436	6	140
Birodarlik (Sputnik) 2C dahasi	Birodarlik (Sputnik) 2C massive	Биродарлик (Спутник) 2Ц массив	41.1996656	69.2207018	6	141
Birodarlik (Sputnik) 3 dahasi	Birodarlik (Sputnik) 3 massive	Биродарлик (Спутник) 3 массив	41.2056306	69.2254166	6	142
Birodarlik (Sputnik) 3C dahasi	Birodarlik (Sputnik) 3C massive	Биродарлик (Спутник) 3Ц массив	41.1964505	69.2219765	6	143
Birodarlik (Sputnik) 4 dahasi	Birodarlik (Sputnik) 4 massive	Биродарлик (Спутник) 4 массив	41.2071378	69.2288231	6	144
Birodarlik (Sputnik) 5 dahasi	Birodarlik (Sputnik) 5 massive	Биродарлик (Спутник) 5 массив	41.1981990	69.2166338	6	145
Birodarlik (Sputnik) 6 dahasi	Birodarlik (Sputnik) 6 massive	Биродарлик (Спутник) 6 массив	41.2008897	69.2243332	6	146
Birodarlik (Sputnik) 7 dahasi	Birodarlik (Sputnik) 7 massive	Биродарлик (Спутник) 7 массив	41.2038239	69.2276170	6	151
Birodarlik (Sputnik) 8 dahasi	Birodarlik (Sputnik) 8 massive	Биродарлик (Спутник) 8 массив	41.1949110	69.2198767	6	147
Birodarlik (Sputnik) 9 dahasi	Birodarlik (Sputnik) 9 massive	Биродарлик (Спутник) 9 массив	41.1978265	69.2251850	6	148
Birodarlik (Sputnik) 10 dahasi	Birodarlik (Sputnik) 10 massive	Биродарлик (Спутник) 10 массив	41.2014124	69.2274672	6	149
Birodarlik (Sputnik) 11 dahasi	Birodarlik (Sputnik) 11 massive	Биродарлик (Спутник) 11 массив	41.1978932	69.2291863	6	150
Birodarlik (Sputnik) 12 dahasi	Birodarlik (Sputnik) 12 massive	Биродарлик (Спутник) 12 массив	41.1923057	69.2207829	6	134
Birodarlik (Sputnik) 13 dahasi	Birodarlik (Sputnik) 13 massive	Биродарлик (Спутник) 13 массив	41.1936147	69.2239479	6	135
Birodarlik (Sputnik) 14 dahasi	Birodarlik (Sputnik) 14 massive	Биродарлик (Спутник) 14 массив	41.1949348	69.2270973	6	136
Birodarlik (Sputnik) 16 dahasi	Birodarlik (Sputnik) 16 massive	Биродарлик (Спутник) 16 массив	41.1991891	69.2095847	6	137
Birodarlik (Sputnik) 17 dahasi	Birodarlik (Sputnik) 17 massive	Биродарлик (Спутник) 17 массив	41.1963243	69.2116236	6	138
Bodomzor	Badamzar	Бадамзар	41.3387444	69.2899004	11	266
Bog'ko'cha (C-27) dahasi	Bogkucha (C-27) massive	Богкуча (Ц-27) массив	41.3275976	69.2188818	7	170
Boshliq dahasi	Bashlik massive	Башлык	41.2694069	69.2527079	9	212
Burjarskaya almashinuvi	Burjarskaya circle	Бурджарская Развязка	41.2589153	69.2173816	9	217
Buyuk Ipak Yo'li (C-1) dahasi	Buyuk Ipak Yuli (C-1) massive	Буюк Ипак Йули (Ц-1) массив	41.3129616	69.2911150	5	99
Buz 2 dahasi	Buz-2 massive	Буз-2 массив	41.3455770	69.3515243	5	102
Buz-1 dahasi	Buz-1 massive	Буз-1 массив	41.3323931	69.3303541	5	101
C-12	C-12	Ц-12	41.3297431	69.2673826	7	189
Charh-Kamolon	Charkh-Kamalon	Чарх-Камалон	41.2981828	69.2214129	3	51
Chig'atoy darvoza	Chigatoy darvoza	Чагатайские ворота	41.3379565	69.2241350	1	29
Chilonzor 1 mavzesi	Chilanzar 1 quarter	Чиланзар 1 квартал	41.2842395	69.2284541	3	57
Chilonzor 2 mavzesi	Chilanzar 2 quarter	Чиланзар 2 квартал	41.2791689	69.2230090	3	58
Chilonzor 3 mavzesi	Chilanzar 3 quarter	Чиланзар 3 квартал	41.2863825	69.2229393	3	72
Chilonzor 4 mavzesi	Chilanzar 4 quarter	Чиланзар 4 квартал	41.2843307	69.2176233	3	59
Chilonzor 5 mavzesi	Chilanzar 5 quarter	Чиланзар 5 квартал	41.2911327	69.2175379	3	60
Chilonzor 6 mavzesi	Chilanzar 6 quarter	Чиланзар 6 квартал	41.2867793	69.2109246	3	61
Chilonzor 7 mavzesi	Chilanzar 7 quarter	Чиланзар 7 квартал	41.2964887	69.2103614	3	52
Chilonzor 8 mavzesi	Chilanzar 8 quarter	Чиланзар 8 квартал	41.2910208	69.2046912	3	53
Chilonzor 9 mavzesi	Chilanzar 9 quarter	Чиланзар 9 квартал	41.2874800	69.1998132	3	40
Chilonzor 10 mavzesi	Chilanzar 10 quarter	Чиланзар 10 квартал	41.2825883	69.1981604	3	41
Chilonzor 11 mavzesi	Chilanzar 11 quarter	Чиланзар 11 квартал	41.2776688	69.1910296	8	191
Chilonzor 12 mavzesi	Chilanzar 12 quarter	Чиланзар 12 квартал	41.2815444	69.1866416	8	197
Chilonzor 13 mavzesi	Chilanzar 13 quarter	Чиланзар 13 квартал	41.2899989	69.1865154	8	193
Chilonzor 14 mavzesi	Chilanzar 14 quarter	Чиланзар 14 квартал	41.2950571	69.1911425	8	194
Chilonzor 15 mavzesi	Chilanzar 15 quarter	Чиланзар 15 квартал	41.2951105	69.1802156	8	195
Chilonzor 16 mavzesi	Chilanzar 16 quarter	Чиланзар 16 квартал	41.2750475	69.1995534	3	47
Chilonzor 17 mavzesi	Chilanzar 17 quarter	Чиланзар 17 квартал	41.2718460	69.1968780	3	48
Chilonzor 18 mavzesi	Chilanzar 18 quarter	Чиланзар 18 квартал	41.2732219	69.1914623	3	39
Chilonzor 19 mavzesi	Chilanzar 19 quarter	Чиланзар 19 квартал	41.2702057	69.1862465	3	44
Chilonzor 20 mavzesi	Chilanzar 20 quarter	Чиланзар 20 квартал	41.2664748	69.1807217	3	45
Chilonzor 20A mavzesi	Chilanzar 20A quarter	Чиланзар 20А квартал	41.2656650	69.1903083	3	49
Chilonzor 21 mavzesi	Chilanzar 21 quarter	Чиланзар 21 квартал	41.2924057	69.1739356	8	196
Chilonzor 22 mavzesi	Chilanzar 22 quarter	Чиланзар 22 квартал	41.2882340	69.1687824	8	205
Chilonzor 23 mavzesi	Chilanzar 23 quarter	Чиланзар 23 квартал	41.2870171	69.1787735	8	198
Chilonzor 24 mavzesi 'Vatan'	Chilanzar 24 quarter  'Vatan'	Чиланзар 24 квартал 'Ватан'	41.2815190	69.1754426	8	208
Chilonzor 25 mavzesi	Chilanzar 25 quarter	Чиланзар 25 квартал	41.2798199	69.1678143	8	204
Chilonzor 26 mavzesi 'Shirin'	Chilanzar 26 quarter  'Shirin'	Чиланзар 26 квартал 'Ширин'	41.2767565	69.1784469	8	209
Chilonzor 30 mavzesi	Chilanzar 30 quarter	Чиланзар 30 квартал	41.2669285	69.1565104	8	202
Chilonzor 31 mavzesi	Chilanzar 31 quarter	Чиланзар 31 квартал	41.2651091	69.1513227	8	203
Chilonzor C mavzesi	Chilanzar C quarter	Чиланзар Ц квартал	41.2805029	69.2054661	3	50
Chilonzor E mavzesi	Chilanzar E quarter	Чиланзар Е квартал	41.2889773	69.2219727	3	56
Chilonzor G9 mavzesi	Chilanzar G9 quarter	Чиланзар Г9 квартал	41.2905814	69.1984174	3	75
Chilonzor G 9A mavzesi	Chilanzar G 9A quarter	Чиланзар Г 9А квартал	41.2881994	69.1917011	8	192
Chilonzor I mavzesi	Chilanzar I quarter	Чиланзар И квартал	41.2927235	69.2270339	3	65
Chilonzor mahallasi	Chilanzar mahalla	Чиланзар Махалля	41.2905062	69.2344138	3	63
Chimboy	Chimboy	Чимбай	41.3415696	69.2264384	1	20
Chimboy dahasi	Chimboy massive	Чимбай массив	41.3625657	69.2002449	1	15
Cho'ponota	Chupanata	Чупаната	41.2926076	69.1860710	8	206
Cho'ponota	Chapanata	Чапанота	41.2920922	69.1942499	3	67
Chorsu mavzesi	Chorsu quarter	Чорсу квартал	41.3192695	69.2305562	7	183
Chuqursoy	Chukursoy	Чукурсай	41.3781305	69.2296279	1	25
Darhan maydoni	Darkhan square	площадь Дархан	41.3305168	69.3052436	5	116
Darvoza	Darvoza	Дарвоза	41.3295043	69.2169183	7	169
Diplomatik qishlog'i	Diplomatic Village	Дипломатическая деревня	41.2937201	69.1802581	8	211
Do'stlik 1 dahasi	Dustlik 1 massive	Дустлик 1 массив	41.1927418	69.2139960	6	129
Do'stlik 2 dahasi	Dustlik 2 massive	Дустлик 2 массив	41.1934072	69.2080263	6	155
Do'stlik mahallasi	Dustlik mahalla	Дустлик махалля	41.2953732	69.2457586	9	216
Dombrobod	Dombrabad	Домбрабад	41.2630728	69.2098285	3	54
Elektroapparat	Elektroapparat	Электроаппарат	41.2795338	69.3059608	4	92
Eski Juva maydoni	Eski Juva square	Площадь Эски Жува	41.3285092	69.2384186	7	172
Eski Sirg'ali	Old Sergeli	Старое Сергели	41.2004427	69.2523634	6	153
Fayzobod	Fayzabad	Файзабад	41.2583299	69.3128804	4	81
Feruza 1 dahasi	Feruza 1 massive	Феруза 1 массив	41.3582829	69.3632920	5	107
Feruza 2 dahasi	Feruza 2 massive	Феруза 2 массив	41.3536946	69.3584270	5	108
Feruza 3 dahasi	Feruza 3 massive	Феруза 3 массив	41.3595725	69.3701521	5	109
G'ani A'zamov	Gani Azamov	Гани Агзамов	41.3523195	69.2322864	1	21
G'ishtko'prik	Gishtkuprik	Гышткупрюк	41.2213632	69.1810121	6	154
Go'zal-1	Guzal-1	Гузаль-1	41.2732509	69.3701593	10	238
Go'zal-2	Guzal-2	Гузаль-2	41.2902619	69.3687216	10	240
Gospitalka	Gospitalka	Госпиталка	41.2911608	69.2769789	4	93
Gospitalniy mikrorayon	Gospitalniy microdistrict	Госпитальный микрорайон	41.2947960	69.2739721	4	85
Guliston mavzesi	Gulistan massive	Гулистан массив	41.2616352	69.1592951	3	70
Gulobod (C-26) dahasi	Gulabad (C-26) massive	Гулабад (Ц-26) массив	41.3251156	69.2238400	7	173
Gulzor maydoni	Gulzor square	Площадь Гульзор	41.3286961	69.2478634	1	27
Hadra (C-14) dahasi	Hadra (C-14) massive	Хадра (Ц-14) массив	41.3240450	69.2489356	7	185
Halqlar Do'stligi maydoni	Peoples' Friendship square	Площадь Дружбы Народов	41.3112486	69.2415024	3	38
Hamid Olimjon	Khamid Alimdjan	Хамид Алимджан	41.3179032	69.2940540	5	121
Hamid Olimjon maydoni	Hamid Alimjan	площадь Хамида Алимджана	41.3180204	69.2942569	5	97
Harbiylar shaharchasi	Military town	Военный городок	41.2566552	69.2111973	3	73
Hodjayev dahasi	Khodjaev massive	Ходжаева массив	41.3567987	69.1834667	1	31
Hotiralar maydoni	Memory square	площадь Памяти	41.3177561	69.2695982	11	267
Humayun dahasi	Humayun massive	Хумаюн массив	41.3432791	69.3900808	5	104
Ibrohim-Ota	Ibrokhim-Ota	Ибрагим-Ота	41.3704562	69.2355306	1	24
Irrigator dahasi	Irrigator massive	Ирригатор массив	41.3203671	69.2981026	5	118
Ishchilar shaharchasi	Ishchilar town	Рабочий городок	41.3386946	69.2678097	7	186
Jangoh	Zhangoh	Жангох	41.3337320	69.2584124	7	180
Jangoh (C-15) dahasi	Zhangoh (C-15) massive	Жангох (Ц-15) массив	41.3289503	69.2523775	7	181
Jarariq dahasi	Jararik massive	Джарарык массив	41.3385352	69.1785065	7	187
Jarariq mahallasi	Jararik mahalla	Махалля Джарарык	41.3396677	69.1921104	7	177
Jomiy maydoni	Jomiy square	Площадь Джами	41.3549336	69.2536927	1	1
Kadisheva	Kadisheva	Кадышева	41.2857201	69.3487564	10	244
Kamolon/Yangikamolon	Kamolon/Yangikamolon	Камалан/Янгикамалан	41.3077364	69.2289228	7	168
Katta Qozirobod mahallasi	Katta Kozirabad mahalla	Катта Козирабад махалля	41.2734609	69.2172155	3	62
Ko'kcha	Kukcha	Кукча	41.3258500	69.2068929	7	167
Labzak (C-13) dahasi	Labzak (C-13) massive	Лабзак (Ц-13) массив	41.3271943	69.2597957	7	182
Lunacharskiy markazi	Lunacharskiy center	Центр Луначарского	41.3365241	69.3552988	5	117
Maksim Gorkiy	Maksim Gorky	Максим Горький	41.3261691	69.3267826	5	119
Markaz-7	C-7	Ц-7	41.3039907	69.2719624	4	82
Mevazor mahallasi	Mevazor mahalla	Мевазар махалля	41.2649842	69.1949190	3	46
Minor (C-6) dahasi	Minor (C-6) massive	Минор (Ц-6) массив	41.3310110	69.2804685	11	247
Moyqo'rg'on mahallasi	Moyqorgon mahalla	махалля Мойкургон	41.3746396	69.2099287	1	4
Muqimiy mahallasi	Mukimiy mahalla	Мукими махалля	41.2797145	69.2379598	9	214
Mustaqillik maydoni	Mustakilik square	площадь Мустакилик	41.3153897	69.2674378	11	246
Novza	Novza	Новза	41.2961014	69.2321003	3	64
O'rda	Urda	Урда	41.3223554	69.2600678	7	184
O'rikzor	Urikzar	Урикзар	41.2858038	69.1405195	8	200
O'zgarish	Uzgarish	Узгариш	41.2486187	69.2222379	6	128
Obod Makon dahasi	Obod Makon massive	Обод Макон массив	41.2928516	69.3087646	10	245
Ohunboboyev mahallasi	Ohunboboev mahalla	махалля Ахунбабаева	41.3794115	69.2090914	1	3
Olimpiya dahasi	Olimpia massive	Олимпия массив	41.3629131	69.1923866	1	9
Olmazor dahasi	Olmazar massive	Алмазар массив	41.3091770	69.2446627	3	71
Oloy (C-2) dahasi	Alay (C-2) massive	Алай (Ц-2) массив	41.3166673	69.2873864	5	98
Oq Tepa	Aktepa	Актепа	41.3038754	69.2129741	7	178
Oqtepa	Aktepa	Актепа	41.3658242	69.3231582	11	249
Oqtepa aylanmasi	Aktepa circle	круг Актепа	41.2999573	69.2105576	3	69
Oybek	Oybek	Айбек	41.2959203	69.2797631	4	90
Panelniy dahasi	Panelniy massive	Панельный массив	41.2548649	69.3440413	10	234
Pastdarhon	Pastdarkhan	Пастдархан	41.2397494	69.2059292	6	164
Pervaya notarialnaya	Pervaya notarialnaya	Первая нотариальная	41.2816096	69.2562642	9	222
Pervushka	Pervushka	Первушка	41.3006261	69.2908893	10	242
Privokzalnaya maydoni	Privokzalnaya square	Привокзальная площадь	41.2923751	69.2858234	4	80
Pulemas	Pulemas	Пулемас	41.2909112	69.3150055	10	237
Pushkin maydoni	Pushkin's square	Площадь Пушкина	41.2866379	69.2538894	9	219
Qashg'ar (C-4) dahasi	Kashgar (C-4) massive	Кашгар (Ц-4) массив	41.3200893	69.2757931	11	248
Qiyot (C-5) dahasi	Kiyot (C-5) massive	Киёт (Ц-5) массив	41.3254530	69.2778112	11	274
Qizil sharq	Kizil Shark	Кизил Шарк	41.2653897	69.1646314	3	42
Qizil sharq mahallasi	Kizil Shark mahalla	Кизил Шарк махалля	41.2674925	69.1711018	3	68
Qizildehqon mahallasi	Kizildehkan mahalla	Кизилдехкан махалля	41.3793002	69.3115630	11	250
Qo'yliq 1 dahasi	Kuylik 1 massive	Куйлюк 1 массив	41.2473115	69.3150741	4	86
Qo'yliq 2 dahasi	Kuylik 2 massive	Куйлюк 2 массив	41.2509314	69.3059610	4	87
Qo'yliq 3 dahasi	Kuylik 3 massive	Куйлюк 3 массив	41.2503635	69.3106626	4	88
Qo'yliq 4 dahasi	Kuylik 4 massive	Куйлюк 4 массив	41.2467078	69.3065670	4	89
Qo'yliq 5 mavzesi	Kuylik 5 massive	Куйлюк 5 массив	41.2474272	69.2971673	6	157
Qo'yliq 6 mavzesi	Kuylik 6 massive	Куйлюк 6 массив	41.2469282	69.2898457	6	159
Qo'yliq 7 mavzesi	Kuylik 7 massive	Куйлюк 7 массив	41.2465490	69.2848208	6	162
Qo'yliq markaz mavzesi	Kuylik Center massive	Куйлюк Центр массив	41.2406127	69.3318438	10	226
Qoraqamish 1/1 dahasi	Korakamish 1/2 massive	Каракамыш 1/2 массив	41.3578014	69.2351504	1	22
Qoraqamish 1/2 dahasi	Korakamish 1/1 massive	Каракамыш 1/1 массив	41.3520837	69.2375766	1	28
Qoraqamish 1/3 dahasi	Korakamish 1/3 massive	Каракамыш 1/3 массив	41.3587108	69.2292433	1	23
Qoraqamish 1/4 dahasi	Korakamish 1/4 massive	Каракамыш 1/4 массив	41.3637966	69.2344196	1	30
Qoraqamish 2/1 dahasi	Korakamish 2/1 massive	Каракамыш 2/1 массив	41.3580457	69.2193155	1	5
Qoraqamish 2/3 dahasi	Korakamish 2/3 massive	Каракамыш 2/3 массив	41.3674364	69.2156743	1	6
Qoraqamish 2/4 dahasi	Korakamish 2/4 massive	Каракамыш 2/4 массив	41.3677769	69.2084342	1	7
Qoraqamish 2/5 dahasi	Korakamish 2/5 massive	Каракамыш 2/5 массив	41.3610263	69.2087846	1	8
Qorasuv 1 dahasi	Karasu 1 massive	Карасу 1 массив	41.3374043	69.3743486	5	110
Qorasuv 2 dahasi	Karasu 2 massive	Карасу 2 массив	41.3324342	69.3636026	5	111
Qorasuv 3 dahasi	Karasu 3 massive	Карасу 3 массив	41.3327690	69.3692515	5	112
Qorasuv 4 dahasi	Karasu 4 massive	Карасу 4 массив	41.3319555	69.3733480	5	113
Qorasuv 6 dahasi	Karasu 6 massive	Карасу 6 массив	41.3196587	69.3552756	5	114
Qoratosh dahasi	Karatash massive	Караташ массив	41.3179169	69.2379280	7	188
Qoshqo'rg'on	Koshkurgan	Кошкурган	41.2499853	69.2809086	6	122
Qumariq	Kumarik	Кумарык	41.2494408	69.2498525	6	123
Qurama	Kurama	Курама	41.2470156	69.3823569	2	33
Quruvchilar dahasi	Kuruvchilar massive	Курувчи (Строителей массив)	41.2178543	69.2630393	6	160
Qushbegi dahasi	Kushbegi massive	Кушбеги массив	41.2676167	69.2423892	9	213
Rakat mahallasi	Rakat mahalla	Ракакт махалля	41.2870586	69.2445168	9	220
Rakatboshi mahallasi	Rakatboshi mahalla	Ракатбоши махалля	41.2990516	69.2541378	9	221
Rioziy dahasi	Rioziy massive	Риозий массив	41.3124175	69.3258319	10	225
Sariko'l maydoni	Sarikul square	Сарыкульская площадь	41.2878295	69.2830998	4	79
Sarikulka	Sarikulka	Сарыкулька	41.2850024	69.2842548	4	91
Sebzor (C-17/C-18) dahasi	Sabzar (C-17/C-18) massive	Себзар (Ц-17/Ц-18) массив	41.3345846	69.2502800	1	19
Shimoliy Olmazor	North Olmazor	Северный Алмазар	41.3513707	69.2512375	1	10
Shirin	Shirin	Ширин	41.2816227	69.1804754	8	210
Shuhrat	Shuhrat	Шухрат	41.2787884	69.1980102	3	66
Sirg'ali 1 dahasi	Sergeli 1 massive	Сергели 1 массив	41.2068554	69.2174510	6	130
Sirg'ali 2 dahasi	Sergeli 2 massive	Сергели 2 массив	41.2110736	69.2266193	6	131
Sirg'ali 3 dahasi	Sergeli 3 massive	Сергели 3 массив	41.2130581	69.2322597	6	132
Sirg'ali 4 dahasi	Sergeli 4 massive	Сергели 4 массив	41.2155781	69.2408835	6	152
Sirg'ali 5 dahasi	Sergeli 5 massive	Сергели 5 массив	41.2264157	69.2083530	6	125
Sirg'ali 5A dahasi	Sergeli 5A massive	Сергели 5A массив	41.2232286	69.2025752	6	165
Sirg'ali 6 dahasi	Sergeli 6 massive	Сергели 6 массив	41.2268995	69.2148241	6	158
Sirg'ali 6A dahasi	Sergeli 6A massive	Сергели 6А массив	41.2304487	69.2105368	6	161
Sirg'ali 7 dahasi	Sergeli 7 massive	Сергели 7 массив	41.2204178	69.2137603	6	126
Sirg'ali 7A dahasi	Sergeli 7A  massive	Сергели 7A массив	41.2166976	69.2092335	6	166
Sirg'ali 8 dahasi	Sergeli 8 massive	Сергели 8 массив	41.2207924	69.2193491	6	127
Sirg'ali 8A dahasi	Sergeli 8A massive	Сергели 8А массив	41.2247807	69.2172198	6	124
Sobir Rahimov	Sobir Rakhimov	Собир Рахимов	41.2564804	69.1920679	3	76
Socgorod (Askiya)	Socgorod (Askiya)	Соцгород (Аския)	41.2832967	69.2505883	9	215
Sputnik dahasi	Sputnik massive	Спутник массив	41.2014699	69.2187585	6	156
Stroy Center	Stroy Center	Строй Центр	41.3667468	69.2867160	11	273
Suvsoz-1	Suvsoz-1	Сувсоз-1	41.2465400	69.3716063	2	36
TTZ 1 dahasi	TTZ 1 massive	ТТЗ 1 массив	41.3584376	69.3918630	5	105
TTZ 2 dahasi	TTZ 2 massive	ТТЗ 2 массив	41.3547312	69.3827162	5	120
TTZ 4 dahasi	TTZ 4 massive	ТТЗ 4 массив	41.3624445	69.3888066	5	106
Talabalar shaharchasi	Talabalar town	Вузгородок	41.3515447	69.2056427	1	17
TashGRES dahasi	TashGRES massive	ТашГРЭС масив	41.3554690	69.3367282	11	251
TashGosMi Shifokorlar dahasi	TashGosMi massive	ТашГосМи массив	41.3618760	69.1811277	1	32
Tashselmash dahasi	Tashselmash massive	Массив Ташсельмаш	41.3080376	69.3069399	10	241
Teatralnaya maydoni	Theatre square	Театральная площадь	41.3095644	69.2700093	4	83
Tekstil	Textile	Текстиль	41.2780650	69.2454701	9	218
Tezikovka	Tezikovka	Тезиковка	41.2778464	69.2735429	4	78
Tinchlik mahallasi	Tinchlik mahalla	Тинчлик махалля	41.2630699	69.1783447	3	55
Tuzel	Tuzel	Тузель	41.2957858	69.3618244	10	239
Tuzel 1 dahasi	Tuzel 1 massive	Тузель 1 массив	41.2987554	69.3584479	10	227
Tuzel 2 dahasi	Tuzel 2 massive	Тузель 2 массив	41.2918232	69.3604893	10	228
Tuzel 3 dahasi	Tuzel 3 massive	Тузель 3 массив	41.2942021	69.3661824	10	229
Tuzel 4 dahasi	Tuzel 4 massive	Тузель 4 массив	41.2959666	69.3675816	10	230
Uch Qahromon	Uch Kahramon	Уч Кахрамон	41.3835627	69.2902234	11	270
Ulug'bek	Ulugbek	Улугбек	41.4038597	69.4551460	5	95
UzBum	UzBum	УзБум	41.2868114	69.3036864	10	243
Vatan	Vatan	Ватан	41.2767035	69.1724949	8	207
Yalang'och dahasi	Yalangach massive	Ялангач массив	41.3495312	69.3428837	5	100
Yangi Mirobod	Yangi Mirabad	Янги Миробад	41.2866984	69.2741415	4	84
Yangi Toshkent mahallasi	Yangi Tashkent mahalla	Янги Ташкент махалля	41.3663538	69.2207011	1	16
Yangiobod dahasi	Yangiabad massive	Янгиабад массив	41.2684571	69.3545175	10	223
Yangizamon dahasi	Yangizamon massive	Янгизамон массив	41.2776687	69.2926642	4	94
Yarmarka	Yarmarka	Ярмарка	41.2132855	69.2297624	6	163
Yunusobod 2 mavzesi	Yunusabad 2 quarter	Юнусабад 2 квартал	41.3604195	69.2838170	11	260
Yunusobod 3 mavzesi	Yunusabad 3 quarter	Юнусaбад 3 квартал	41.3636221	69.2930005	11	262
Yunusobod 4 mavzesi	Yunusabad 4 quarter	Юнусабад 4 квартал	41.3657007	69.2821607	11	268
Yunusobod 5 mavzesi	Yunusabad 5 quarter	Юнусaбад 5 квартал	41.3614542	69.2746047	11	259
Yunusobod 6 mavzesi	Yunusabad 6 quarter	Юнусабад 6 квартал	41.3688092	69.2639973	11	263
Yunusobod 7 mavzesi	Yunusabad 7 quarter	Юнусaбад 7 квартал	41.3717134	69.2696751	11	272
Yunusobod 8 mavzesi	Yunusabad 8 quarter	Юнусaбад 8 квартал	41.3718177	69.2805306	11	271
Yunusobod 9 mavzesi	Yunusabad 9 quarter	Юнусабад 9 квартал	41.3766454	69.2770557	11	258
Yunusobod 10 mavzesi	Yunusabad 10 quarter	Юнусабад 10 квартал	41.3811815	69.2838039	11	252
Yunusobod 11 mavzesi	Yunusabad 11 quarter	Юнусабад 11 квартал	41.3693580	69.2902641	11	261
Yunusobod 12 mavzesi	Yunusabad 12 quarter	Юнусaбад 12 квартал	41.3778927	69.2938653	11	253
Yunusobod 13 mavzesi	Yunusabad 13 quarter	Юнусaбад 13 квартал	41.3682822	69.2987500	11	269
Yunusobod 14 mavzesi	Yunusabad 14 quarter	Юнусaбад 14 квартал	41.3719054	69.3036614	11	264
Yunusobod 15 mavzesi	Yunusabad 15 quarter	Юнусaбад 15 квартал	41.3780157	69.3003714	11	254
Yunusobod 16 mavzesi	Yunusabad 16 quarter	Юнусaбад 16 квартал	41.3827836	69.3016558	11	265
Yunusobod 17 mavzesi	Yunusabad 17 quarter	Юнусабад 17 квартал	41.3667174	69.3097509	11	255
Yunusobod 18 mavzesi	Yunusabad 18 quarter	Юнусабад 18 квартал	41.3690491	69.3165662	11	256
Yunusobod 19 mavzesi	Yunusabad 19 quarter	Юнусабад 19 квартал	41.3750570	69.3160050	11	257
sobiq Pushkin maydoni	former Pushkin square	бывшая площадь Пушкина	41.3204547	69.3078937	5	96
1-bo'lim	department №1	отдел №1	41.0132034	69.0637881	20	939
1-chi mikrorayon	1-th microdistrict	1-й микрорайон	41.4861836	69.5748731	18	852
2-bo'lim	department №2	отдел №2	40.2839454	69.2280579	14	581
2-chi Himposelok	2-th Himposelok	2-й Химпосёлок	41.4728729	69.5703368	18	843
2-chi mikrorayon	2-th microdistrict	2-й микрорайон	41.4896055	69.5709775	18	853
2/2 dahasi	2/2 quarter	2/2 квартал	41.0205105	70.0921663	12	425
3 dahasi	3 quarter	3 квартал	41.0052158	70.0840097	12	429
3-chi mikrorayon	3-th microdistrict	3-й микрорайон	41.4939570	69.5776840	18	854
4-chi mikrorayon	4-th microdistrict	4-й микрорайон	41.4935063	69.5849327	18	855
5/1B dahasi	5/1B quarter	5/1Б квартал	41.0017391	70.0745129	12	432
5/3 dahasi	5/3 quarter	5/3 квартал	40.9959944	70.0550280	12	427
5/4 dahasi	5/4 quarter	5/4 квартал	40.9992787	70.0575973	12	428
6-bo'lim	department №6	отдел №6	40.9322743	69.0441502	20	945
8 Mart	8 March	8 Марта	41.0562817	69.3628015	24	1169
8-chi mikrorayon	8-th microdistrict	8-й микрорайон	41.4621403	69.5503020	18	848
9-chi mikrorayon	9-th microdistrict	9-й микрорайон	41.4572502	69.5571878	18	851
10-chi mikrorayon	10-th microdistrict	10-й микрорайон	41.4577022	69.5426112	18	849
12 kalit tabiiy maydoni	12 keys natural boundary	Урочище 12 ключей	41.5233324	70.0153272	15	625
46 dahasi	46 quarter	46 квартал	41.0132013	70.0801944	12	426
104-bo'lim	Section 104	отдел 104	40.7259410	69.5950420	22	1050
105-bo'lim	Section 105	отдел 105	40.7119390	69.6050816	22	1051
A. Ortiqov	A. Ortikov	А. Артыков	41.1397208	69.1326422	25	1283
Abdurahmonov	Abdurakhmonov	Абдурахмонов	41.4089577	69.2359540	23	1114
Abiz	Abiz	Абыз	40.8697767	69.7115754	12	379
Abjaz tabiiy maydoni	Abjaz natural boundary	Абджаз урочище	40.8544857	69.9227846	12	399
Achamayli	Achamayli	Ачмайли	40.8068138	69.2430221	16	768
Achiksay tabiiy maydoni	Achiksay natural boundary	Ачиксай урочище	41.1816953	69.5505409	26	1337
Achikul tabiiy maydoni	Achikul natural boundary	Ачикуль урочище	41.3707400	69.7246678	21	1009
Achimayli	Achimayli	Ачимайли	40.3831565	69.1005288	14	557
Achisay	Achisay	Ачисай	41.3575302	69.6349953	21	997
Agata	Agata	Агата	40.8679353	70.0132560	12	341
Agrotehnik	Agrotekhnik	Стаханов	41.1563146	69.0831799	25	1253
Ahanay	Akhanay	Аханай	40.9354268	69.4741658	24	1235
Ahmad Yassaviy	Ahmad Yasawi	Ахмад Яссави	41.3299801	69.1484569	27	1364
Ahmad Yassaviy	Ahmad Yasawi	Ахмад Яссави	41.1837822	69.4445661	26	1316
Ahmatobod	Akhmatabad	Ахматабад	41.1267399	70.3762532	12	307
Ahtahana	Ahtahana	Ахтахана	40.9900639	69.7312767	12	374
Ak-Touzak	Ak-Touzak	Ак-Тоузак	41.0333330	69.2500000	24	1202
Ak-Touzak	Ak-Touzak	Ак-Тоузак	41.0453191	69.2660335	24	1192
Akaltin	Akaltin	Акалтын	41.1021622	69.4170501	24	1167
Akata	Akata	Аката	41.1390070	69.7649968	21	1033
Akbarak	Akbarak	Акбарык	41.3213549	69.4643447	26	1302
Akbulak	Akbulak	Акбулак	40.7769381	69.1985113	16	761
Akbulak letnik	Akbulak letnik	Акбулак летник	41.4123592	70.2807182	15	683
Akchasay	Akchasay	Акчасай	40.9475087	69.8219285	12	395
Akkatay	Akkatay	Аккатай	40.9956253	69.1931237	24	1219
Akkavak	Akkavak	Аккавак	41.4420562	69.5582040	18	837
Akkulak tabiiy maydoni	Akkulak natural boundary	Аккулак урочище	41.4212874	69.6492843	21	1003
Akkum	Akkum	Аккум	41.4881986	69.4799026	19	899
Akmasat	Akmasat	Акмасат	41.5345933	69.9204120	15	603
Aktam	Aktam	Актам	40.7790360	69.3233396	22	1073
Akterek	Akterek	Актерек	41.0480591	70.0467098	12	315
Aktinkan yarimorol	Aktinkan peninsula	Актынкан полуостров	40.5811996	69.0721841	14	521
Aldin	Aldin	Алдын	40.9443789	70.0275851	12	334
Alisher Navoiy	Alisher Navoi	Алишер Навои	41.4481902	69.2329751	23	1105
Alisher Navoiy	Alisher Navoi	Алишер Навои	40.2194695	69.1669552	14	591
Alkajar	Alkajar	Алкаджар	40.6553139	69.0517458	16	790
Almaslik	Almaslik	Алмаслык	41.2786065	69.3734503	19	897
Altinbel	Altinbel	Алтынбель	41.3626015	69.8649266	21	1011
Amangeldi	Amangeldi	Амангелды	41.3613147	69.0392540	23	1112
Amankul tabiiy maydoni	Amankul natural boundary	урочище Аманкул	41.6514126	69.6571029	19	913
Ambarsay	Ambarsay	Амбарсай	40.6995360	69.6523347	22	1049
Amir Temur	Amir Temur	Амир Темур	41.0313765	68.9390950	17	800
Andarjan	Andarjan	Андарджан	40.8784475	70.2188790	12	342
Angren	Angren	Ангрен	41.0082650	70.0754476	12	275
Apartak	Apartak	Апартак	41.0436874	70.1010724	12	319
Aqmola	Akmola	Акмола	41.2094934	69.4914326	26	1313
Aranchi	Aranchi	Аранчи	41.0009235	69.1895217	24	1220
Aranchi	Aranchi	Аранчи	41.5152780	69.6338890	19	915
Aranchi	Aranchi	Аранчи	41.3399771	69.4561375	19	892
Aranchi	Aranchi	Аранчи	41.5287592	69.6511886	15	643
Araul	Araul	Араул	41.0782978	69.3836616	24	1152
Archali	Archali	Арчалы	41.4417025	69.8466888	15	654
Archin	Archin	Арчин	41.0599039	69.3257555	24	1177
Arganay	Arganay	Арганай	41.4231205	69.5217487	19	905
Argin	Argin	Аргин	41.3782209	69.4284219	19	879
Arichniy	Arichniy	Арычный	41.0274555	69.4183576	24	1162
Ashisay	Ashisay	Ащисай	41.4501481	69.7172739	15	644
Ashykti	Ashykti	Ашикты	40.8372822	69.1313704	16	733
Atake tabiiy maydoni	Atake natural boundary	Атаке урочище	41.3974950	69.8221969	15	658
Atchapkansay	Atchapkansay	Атчапкансай	41.2211940	69.6245292	21	1027
Atchi	Atchi	Атчи	41.1517766	69.7239631	21	1032
Atchi	Atchi	Атчи	40.9375030	69.1537956	13	468
Aukashka tabiiy maydoni	Aukashka natural boundary	Аукашка урочище	41.5061814	70.0883108	15	680
Aydarlik	Aydarlik	Айдарлык	41.4545942	69.6362555	15	632
Aynalma	Aynalma	Айналма	41.0083912	70.2369393	12	326
Aynalma	Aynalma	Айналма	41.0029061	70.1919473	12	325
Ayrik letnik	Ayrik letnik	Айрык летник	41.6639012	70.3311072	15	681
Aytbakir	Aytbakir	Айтбакыр	40.8724670	69.8910059	12	414
Azadbash	Azadbash	Азадбаш	41.5347724	69.6378229	15	627
Azat	Azat	Азат	40.8960384	69.1264065	13	457
Azorattepa	Azorattepa	Азораттепа	41.0307301	69.5892283	12	286
Azotchik	Azotchik	Азотчик	41.4466912	69.5365398	18	841
Bag'ish	Bagish	Багиш	41.1480093	69.3760505	24	1157
Bagara	Bagara	Багара	40.8378628	69.0548306	13	500
Bagish	Bagish	Багиш	41.0919651	69.2071583	24	1212
Bahoriston	Bakhoristan	Бахористан	40.6145395	69.2685739	14	513
Bahoriston	Bakhoristan	Бахористан	40.5961889	69.2888405	14	507
Baht	Bakht	Бахт	40.8433368	69.4335677	22	1089
Bakachur	Bakachur	Бакачур	41.6091404	70.0061975	15	671
Bakangli	Bakangli	Баканглы	41.1046169	69.2430462	24	1208
Baksuk	Baksuk	Баксук	41.0535736	70.1539819	12	311
Balakurgan	Balakurgan	Балакурган	40.3674989	69.2082463	14	537
Balandko'prik	Balandkuprik	Баланкуприк	41.1085411	69.3192397	24	1187
Balgaly	Balgaly	Балгали	40.9863255	69.5431581	12	351
Baliqchi	Balikchi	Баликчи	41.2707191	69.0811824	27	1388
Baliqchi	Balikchi	Балыкчи	41.2249584	69.4095673	26	1301
Barraj	Barraj	Баррадж	41.5718874	69.7300086	15	640
Barraj	Barraj	Баррадж	41.5689655	69.7427725	15	596
Bayaul	Bayaul	Байаул	40.8260371	69.4881610	22	1072
Bayaul	Bayaul	Байаул	41.0798984	70.0290428	12	310
Bayaut 	Bayaut	Баятут	40.3696622	69.0902470	14	558
Bayguli	Bayguli	Байгули	40.7953806	69.0207127	13	438
Bayqo'rg'on	Baykurgan	Байкурган	41.1811421	69.3551655	26	1317
Baytqo'rg'on	Baytkurgan	Байткурган	41.4121302	69.5136339	19	900
Bekmurad	Bekmurad	Бекмурад	40.8979327	69.9098216	12	411
Bektemir	Bektemir	Бектемир	41.2129693	69.3320218	24	1176
Beldersoy	Beldersay	Бельдерсай	41.5051561	69.9780179	15	597
Belsen	Belsen	Бельсен	41.2565835	69.5162685	26	1330
Beruniy	Beruniy	Беруни	41.0064913	69.1503826	20	932
Beshbay	Beshbay	Бешбай	41.1047337	69.3937076	24	1153
Beshbola	Beshbola	Бешбола	41.3388852	69.5260333	26	1321
Beshboy	Beshboy	Бешбай	41.0994534	69.4094300	24	1168
Beshkapa	Beshkapa	Бешкапа	40.9188072	69.9745612	12	412
Beshkashsay tabiiy maydoni	Beshkashsay natural boundary	Бешкашсай урочище	41.3445051	69.6595669	21	1005
Beshko'l	Beshkul	Бешкул	41.1468592	70.4107372	12	306
Beshkurgan	Beshkurgan	Бешкурган	41.2319858	69.1655491	27	1363
Beshovul	Beshaul	Бешаул	40.8987803	69.0668480	13	441
Beshqala	Beshkala	Бешкала	40.2261046	69.1694981	14	587
Beshqo'rg'on	Beshkurgan	Бешкурган	41.3879843	69.2805423	23	1124
Beshsandiq	Beshsandik	Бешсандык	40.9350575	70.2245919	12	349
Beshtentak	Beshtentak	Бештентак	41.0097954	69.2113983	24	1210
Beshtut	Beshtut	Бештут	41.6375923	69.9545195	15	630
Beshyuz	Beshyuz	Бешюз	40.4221356	69.2010099	14	526
Beshyuz	Beshyuz	Бешюз	40.3540472	69.2834517	14	524
Bessari	Bessari	Бессари	41.0500912	69.1653880	20	933
Birdamlik	Birdamlik	Бирдамлик	40.5163997	69.2360936	14	531
Birgalik	Birgalik	Биргалик	40.9747108	69.3641787	24	1170
Birlik	Birlik	Бирлик	41.1968970	69.3690535	26	1299
Birlik	Birlik	Бирлик	41.4427043	69.4057138	19	877
Birlik	Birlik	Бирлик	41.4327910	69.3977459	19	875
Birlik	Birlik	Бирлик	41.0170926	68.8379103	17	798
Birlik	Birlik	Бирлик	40.2986110	69.1700000	14	568
Bo'ka	Buka	Бука	40.8169290	69.1998549	16	715
Bo'ka 1-bolim	Buka department №1	Бука отдел №1	40.7046069	69.2131578	16	775
Bo'ka 1-bolim	Buka department №1	Бука отдел №1	40.6929360	69.1820331	16	752
Bo'ka 2-bolim	Buka department №2	Бука отдел №2	40.6939224	69.2372962	16	753
Bo'ka 3-bolim	Buka department №3	Бука отдел №3	40.6794755	69.1475586	16	754
Bo'ka 4-bolim	Buka department №4	Бука отдел №4	40.6546901	69.1072677	16	791
Bo'ka 5-bolim	Buka department №5	Бука отдел №5	40.6596541	69.0821161	16	792
Bo'ston	Buston	Бустон	40.6979654	69.2231574	16	717
Bo'stonliq tumanidagi yordamchi ho'jalik	Subsidiary farming of Bostandlyk region	Подсобное хозяйство Бостандлыкского района	41.4777088	69.7811401	15	650
Bo'zauchi	Buzauchi	Бузавчи	41.2341571	69.3568117	26	1312
Bo'zsuv	Buzsu	Бузсу	41.1296641	68.8527944	25	1270
Bo'zsuv	Buzsuv	Бузсув	41.4307032	69.5907853	15	710
Boborahim	Boborakhim	Боборахим	41.1604305	69.1733444	25	1284
Bobur	Bobur	Бобур	41.1568345	68.9606549	25	1266
Bochka	Bochka	Бочка	41.6265465	69.9377659	15	714
Bog'bon	Bogbon	Багбан	41.0017371	68.8850292	17	827
Bog'chasаrоy	Bagchasaray	Багчасарай	41.0459893	69.2074313	24	1215
Bog'iston	Bogistan	Богистан	41.6913994	70.0845521	15	595
Bog'zor	Bogzor	Богзор	41.1800759	69.1659948	27	1360
Bokurt	Bokurt	Бокурт	41.2468251	69.7454878	21	1028
Bolodala	Bolodala	Болодала	41.6641221	70.0530369	15	600
Bolta	Balta	Тукалбалта	41.2721263	69.4350029	26	1309
Bolta	Balta	Балта	41.2813374	69.4500245	26	1289
Bolta	Bolta	Балта	40.9925159	68.9662251	25	1282
Bolta	Balta	Балта	40.9023381	69.0358480	20	951
Bolta	Balta	Балта	40.9477337	69.1029185	20	947
Bordonko'l	Bordonkul	Барданкуль	41.2511886	69.4022255	26	1307
Bostanbau	Bostanbau	Бостанбау	41.4392438	69.8683829	15	666
Botir	Botir	Батыр	41.2248378	69.0737936	27	1381
Boyovul	Bayaul	Байаул	40.9567638	69.4687130	24	1233
Boyqo'rg'on	Baykurgan	Байкурган	41.1930590	69.3427541	26	1318
Boytepa	Baytepa	Байтепа	40.9942346	69.0213160	20	940
Boytish	Baytish	Байтыш	41.0534543	69.0519516	25	1259
Bozsu	Boszu	Бозсу	41.2569526	69.0954912	27	1384
Budal	Budal	Будал	40.7942679	69.1518712	16	736
Buka	Buka	Бука	40.7983055	68.9748135	13	487
Buloqsuv	Bulaksu	Булаксу	41.6100934	69.9060185	15	646
Bunyodkor	Bunyodkor	Бунёдкор	40.3425269	69.2491032	14	506
Burchmullo	Brichmulla	Бричмулла	41.6012097	70.0998694	15	607
Chagil	Chagil	Чагыл	41.4318085	69.8506900	15	668
Chakak	Chakak	Чакак	41.9180694	70.3660261	15	690
Chalakazak	Chalakazak	Чалаказак	41.4237145	69.2935424	23	1127
Chaldar	Chaldar	Чалдар	41.4029552	69.9042800	21	1013
Changi	Changi	Чанги	41.3080560	69.7397220	21	1019
Changlitepa	Changlitepa	Чанглитепа	41.0872966	69.2812657	24	1237
Chantepa	Chantepa	Чантепа	41.1773236	69.1000380	25	1254
Chaqmoq	Chakmok	Чакмак	40.8708822	68.9973868	20	952
Chavalisay	Chavalisay	Чавалисай	41.1183753	69.7576958	21	1034
Chavata qishki kulba	Chavata winter hut	Чавата зимовник	41.6406262	70.1388587	15	678
Chavkakcha	Chavkakcha	Шавкакчак	41.3564608	69.7367724	21	1008
Chavkanchak	Chavkanchak	Чавканчак	41.3780218	69.6851434	21	1001
Chegara	Chegara	Чегара	41.1113197	69.5205194	26	1339
Chehchim	Chekhchim	Чехчим	41.4637982	69.8328355	15	652
Chetsu	Chetsu	Четсу	41.0814350	70.2522460	12	323
Chibintepa	Chibintepa	Ким Пен Хва	41.1378191	69.3037859	24	1183
Chig'atoy	Chigatay	Чигатай	41.3526106	69.1566197	23	1095
Chig'atoy	Chigatay	Чигатай	40.7931871	69.2081819	16	716
Chig'atoy-Oqtepa	Chigatoy-Oktepa	Чигатай-Актепа	41.3618584	69.1710628	27	1346
Chig'iriq	Chighiriq	Чигирик	41.0195727	69.3602324	24	1150
Chimboyliq	Chimbaylik	Чимбайлык	41.5925077	69.8100759	15	616
Chimgan	Chimgan	Чимган	41.5683877	70.0167789	15	617
Chimqo'rg'on	Chimkurgan	Чимкурган	40.8544896	69.3113458	22	1080
Chinar	Chinar	Чинар	41.0668740	70.2060708	12	302
Chingildi	Chingildi	Чингильды	41.3338597	69.4396722	19	859
Chingiz	Chingiz	Чингиз	40.9626812	68.9305626	20	960
Chinobod	Chinabad	Чинобад	41.4048118	69.3915200	19	874
Chinobod	Chinabad	Чинобад	41.4171412	69.4293665	19	861
Chinor	Chinar	Чинар	40.7970450	69.7461987	12	373
Chinoz	Chinaz	Чиназ	40.9813322	68.8363139	17	834
Chinoz	Chinaz	Чиназ	40.9400253	68.7629797	17	793
Choldorovul	Choldoraul	Чалдараул	41.0581292	69.3884596	24	1156
Choloqarcha  tabiiy maydoni	Cholakarcha natural boundary	Чолокарча урочище	41.5039172	70.0353527	15	708
Choloqarcha  tabiiy maydoni	Cholakarcha natural boundary	Чолокарча урочище	41.5424813	69.9884588	15	673
Choltosh	Chaltash	Чалташ	40.9343272	69.5389755	12	358
Chongtepa	Changtepa	Чангтепа	40.9851535	69.1972786	24	1222
Chorvador	Chorvador	Чорвадор	40.9864553	68.8720495	17	835
Chorvoq	Charvak	Чарвак	41.6351442	69.9400208	15	623
Chuguntepa	Chuguntepa	Чугунтепа	41.1381003	69.3138224	24	1181
Chuluk	Chuluk	Чулук	40.9964496	70.1887203	12	328
Chursay	Chursay	Чорсай	40.9010706	69.1427820	13	470
Chuvalachi	Chuvalachi	Чувалачи	41.4470857	69.2509627	23	1102
Chuvaldak	Chuvaldak	Чувалдак	40.9380560	69.9644440	12	394
Dala hovli qishloqcha	Suburban village	Дачный поселок	40.9307379	68.6618920	17	803
Dalabag	Dalabag	Далабаг	41.1818316	69.2225058	25	1244
Dalig'uzor	Daliguzor	Далигузар	41.2440932	69.1447464	27	1356
Dalvarzin	Dalvarzin	Дальварзин	40.4007611	69.2816198	14	502
Dalvarzin 1, 4-bo'lim	Dalvarzin 1, department №4	Дальварзин №1, отделние №4	40.3288175	69.3149388	14	515
Dalvarzin 1, 5-bo'lim	Dalvarzin 1, department №5	Дальварзин №1, отдел №5	40.3094270	69.3055734	14	566
Dalvarzin 2, 3-bo'lim	Dalvarzin 2, department №3	Дальварзин №2, отдел №3	40.3742855	69.1910906	14	547
Dalvarzin 2, 4-bo'lim	Dalvarzin 2, department №4	Дальварзин №2, отдел №4	40.3531333	69.1815704	14	549
Dalvarzin 2, 5-bo'lim	Dalvarzin 2, department №5	Дальварзин №2, отдел №5	40.3908323	69.1467997	14	562
Dalvarzin 3, 1-bo'lim	Dalvarzin 3, department №1	Дальварзин №3, отдел №1	40.3948963	69.2354037	14	535
Dalvarzin 3, 1-bo'lim	Dalvarzin 3, department №1	Дальварзин №3, отдел №1	40.4080606	69.2559718	14	522
Dalvarzin 3, 4-bo'lim	Dalvarzin 3, department №4	Дальварзин №3, отдел №4	40.3975466	69.2168718	14	536
Dalvarzin 4, 8-bo'lim	Dalvarzin 4, department №8	Дальварзин №4, отдел №8	40.4333064	69.2095736	14	533
Dalvarzin 4-bo'lim	Dalvarzin department №4	Дальварзин отдел №4	40.4221753	69.2780835	14	523
Dalvarzin 8-bo'lim	Dalvarzin department №8	Дальварзин отдел №8	40.2452970	69.2554846	14	586
Damachi	Damachi	Дамачи	41.2701421	69.0830877	27	1385
Damachi	Damachi	Дамачи	41.2705666	69.1393339	27	1359
Dangir	Registon	Регистон	41.1391670	69.0300000	25	1258
Darhan	DarKhan	Дархан	41.4323290	69.5133155	19	901
Darhan	Darkhan	Дархан	40.9318499	69.9533683	12	405
Darhon	Konstitutsiya	Дархан	41.0374863	69.2178416	24	1214
Darhon	Darkhan	Дархан	41.0352257	69.2613166	24	1195
Darhon	Darkhan	Дархан	41.3879358	69.2922625	23	1120
Davlatobod	Davlatabad	Давлатабад	40.6925428	68.9844481	13	497
Davlatovul	Davlataul	Давлатаул	40.6933382	69.0275303	16	732
Davlatqishloq	Davlatkishlak	Давлаткишлак	40.7377550	69.0883566	16	725
Davron	Davron	Даврон	41.3801509	69.1343086	23	1109
Daydali	Daydali	Дайдали	40.9874025	69.6655238	12	364
Dehqonobod	Dehkanabad	Дехканабад	40.9569846	68.7022395	17	820
Dehqonobod	Dehkanabad	Дехканабад	40.6060456	69.3370945	14	510
Delto-PARADROM	Delto-PARADROM	Дельто-ПАРА ДРОМ	41.6126011	70.0315679	15	619
Do'rmon	Durman	Дурман	41.3642615	69.4119157	19	890
Do'stamobod	Dustamabad	Дустамабад	41.3980192	69.2752112	23	1135
Do'stlik	Dustlik	Дустлик	41.1614852	69.1943651	25	1249
Do'stlik	Dustlik	Дустлик	40.8310897	68.8805822	20	957
Do'stlik	Dustlik	Дустлик	40.9648498	69.0499604	20	944
Do'stlik	Dustlik	Дустлик	41.1025775	68.8326608	17	805
Do'stlik	Dustlik	Дружба	41.5153605	69.7119343	15	637
Do'stlik	Dustlik	Дустлик	41.0264029	69.5145907	12	281
Do'stobod	Dustabad	Дустабад	40.8586646	68.9290118	20	923
Dukent	Dukent	Дукент	41.0298287	70.0928453	12	318
Dumaloq	Dumalak	Думалак	41.5462118	69.7223324	15	636
Dungan	Dungan	Дунган	41.1139926	69.2935394	24	1191
Dungqo'rg'on	Dungkurgan	Дунгкурган	40.8399209	69.2794746	22	1040
Duret	Duret	Дурет	40.8556093	68.8997474	20	980
Eliboy	Eliboy	Елибай	41.0458325	69.1358950	20	984
Eliboytepa	Eliboytepa	Елибайтепа	41.0698501	69.2458450	24	1206
Elisay	Elisay	Елысай	40.6861837	69.3122676	16	780
Eltamg'ali	Eltamgali	Эльтамгалы	40.8303242	68.9519912	13	479
Engels	Engels	Энгельс	40.8359981	68.7990348	20	969
Engels	Engels	Энгельс	41.0855604	68.8005656	17	810
Engels	Engels	Энгельс	41.0927344	68.8111573	17	809
Engels	Engels	Энгельс	40.3030200	69.2913971	14	579
Erkin	Erkin	Эркин	41.2269856	69.1686043	27	1357
Erkin	Erkin	Эркин	40.9408330	68.7105560	17	816
Ertash	Ertash	Эрташ	41.1567802	70.3507371	12	305
Eshmatovul	Eshmataul	Эшматаул	41.4066820	69.5688241	26	1326
Eshong'uzor	Eshonguzar	Эшонгузар	41.2539100	69.1534022	27	1358
Eski Qovunchi	Eski Kovunchi	Эски Ковунчи	41.0902577	69.0324089	25	1261
Eski-Olimkent	Eski-Alimkent	Эски-Алимкент	40.9486110	69.1466670	13	435
Eskikurgan	Eskikurgan	Эскикурган	41.4056737	69.5261014	19	904
Evlak	Evlak	Эвлак	40.8785562	69.5944243	22	1046
Fahriya-May	Fahriya-May Community	Фахрия-Май СВТ	41.4537900	69.4686256	19	922
Farhod	Farkhad	Фархад	40.4288978	69.2305569	14	504
Favqulodda vaziyatlar hizmati	Emergency	Служба Спасения	41.5021088	69.9774814	15	621
Fayziobod	Fayziabad	Файзиобад	41.1240415	69.0186151	25	1256
Frunze	Frunze	Фрунзе	41.1613207	69.0330143	25	1281
Frunze	Frunze	Фрунзе	40.7228391	69.1784027	16	766
G'alaba	Galaba	Галаба	41.1136384	68.8200163	17	806
G'alaba	Galaba	Галаба	40.7577197	69.0623774	16	724
G'alaba	Galaba	Галаба	40.7629633	69.0587238	16	722
G'allaquduq	Gallakuduk	Галлакудук	41.0058378	69.4706123	12	283
G'allaquduq	Gallakuduk	Галлакудук	41.0289851	69.4479740	12	282
G'ayrat	Gayrat	Гайрат	41.0362174	68.7971947	17	814
G'azalkent	Gazalkent	Газалкент	41.5655202	69.7752516	15	599
G'ijchi	Gijchi	Гижчи	40.7054871	69.0227454	16	727
G'isht-Ravot	Gisht-Ravat	Гишт-Рават	40.7185213	69.3221432	16	721
G'ishtko'prik	Gyshtkuprik	Гышткуприк	41.4637925	69.3609938	23	1101
G'uljapiskent	Kuljapskent	Кульджапскент	41.0175000	69.1166670	20	936
Gagarin	Gagarin	Гагарин	41.2155577	69.1013930	27	1367
Gagarin	Gagarin	Гагарин	41.4753791	69.5205416	19	907
Gagarin	Gagarin	Гагарин	40.7031956	69.0787567	16	729
Galabatir	Galabatir	Галабатыр	41.0808549	69.3641002	24	1171
Galkuduk	Galkuduk	Галькудук	40.5810369	69.2653603	14	530
Gartepa	Gartepa	Гартепа	40.9072131	69.4495749	22	1087
Gayn	Gayn	Гаин	41.2028031	70.1751333	12	303
Geofizika	Geofizika	Геофизика	41.3391695	69.3868133	19	917
Geolog	Geolog	Геолог	41.2687236	69.5599413	21	1024
Geolog	Geolog	Геолог	40.9872836	70.0174724	12	332
Gidjal	Gidjal	Гиджал	41.4499134	69.8480896	15	648
Grum	Grum	Грум	40.9944132	70.1187535	12	333
Gul	Gul	Гул	40.8523782	68.7898433	20	924
Gulbahor	Gulbakhor	Гульбахор	41.0751349	69.0280256	25	1246
Gulbog'	Gulbog	Гульбаг	41.2993947	69.5989576	21	1022
Gulbog'	Gulbog	Гульбог	40.9716474	70.0255090	12	335
Gulbog'	Gulbog	Гульбог	40.9800582	70.0299358	12	293
Guliston	Gulistan	Гулистан	41.2288449	69.0388953	27	1387
Guliston	Gulistan	Гулистан	41.2487889	69.4843767	26	1297
Guliston	Gulistan	Гулистан	41.1273375	69.3201671	24	1188
Guliston	Gulistan	Гулистан	41.1152450	69.3484176	24	1172
Guliston	Gulistan	Гулистан	41.4476101	69.2689270	23	1122
Guliston	Gulistan	Гулистан	40.9251584	68.9887478	20	967
Guliston	Gulistan	Гулистан	41.4097220	69.3144440	19	869
Guliston	Gulistan	Гулистан	40.6321473	69.1482829	16	787
Guliston	Gulistan	Гулистан	41.0900462	69.4547235	12	284
Gulobod	Gulabad	Гульабад	41.0613367	69.5288324	12	280
Gulvasay	Gal'vasay	Гальвасай	41.5447972	69.8502026	15	613
Gulzor	Gulzor	Гульзор	41.3920045	69.3165005	23	1121
Gulzor	Gulzar	Гульзар	40.3385058	69.1902789	14	548
Gulzor mahallasi	Gulzor mahalla	Гулзор махалля	41.1705137	69.2954814	24	1240
Gulzorobod	Gulzorabad	Гульзарабад	40.9573690	68.7636814	17	830
Gushsay	Gushsay	Гушсай	40.9262057	70.1126336	12	348
H. Tursunqulov	H. Tursunkulov	им. Х. Турсункулова	41.1276460	68.8892346	25	1273
Habash	Habash	Хабаш	40.5541350	69.1624783	14	529
Hakerman	Hakerman	Хакерман	40.9898501	70.0862981	12	338
Haliberdi	Haliberdi	Халыберды	40.8203280	69.5035487	22	1045
Halqobod	Khalqobod	Халкабад	41.1612242	69.0140744	25	1245
Halqobod	Khalkabad	Халкабад	40.7590658	68.9788374	13	495
Hamza	Hamza	Хамза	41.3315266	69.1456162	27	1348
Hamza	Hamza	Хамза	40.3229596	69.2770177	14	578
Hamza 2-bo'lim	Hamza department №2	Хамза отдел №2	40.7352268	69.2048517	16	765
Hamza nomidagi	Hamza	имени Хамзы	40.7488652	69.2159017	16	764
Hamzaobod	Hamzaabad	Хамзаабад	40.7691405	68.9619486	13	484
Harakat	Harakat	Харакат	41.3047260	69.1138932	27	1379
Hasanboy	Khasanboy	Хасанбай	41.4055667	69.2642160	23	1104
Havasar	Havasar	Хавасар	41.3930792	69.2846259	23	1126
Haybatko'l	Khaybatkul	Хайбаткуль	40.4053133	69.1326719	14	560
Hayvat	Hayvat	Хайват	40.4322513	69.1445431	14	561
Hisorak	Hisarak	Хисарак	41.3074797	69.7649007	21	995
Hitoy tepa	Kitay tepa	Китай тепа	41.3252845	69.4862004	26	1322
Hiyobon	Hiyobon	Хиябан	41.4303015	69.1708633	23	1100
Ho'ja	Khoja	Ходжа	41.1359342	69.4024614	24	1139
Ho'ja	Khoja	Ходжа	40.8831842	69.0194747	20	949
Ho'jakent	Khujakent	Ходжикент	41.6339003	69.9495992	15	631
Ho'jaqo'rg'on	Khojikurgan	Ходжакурган	40.7822020	69.1002589	16	741
Hodjabay	Hodjabay	Ходжабай	40.9648353	69.6083721	12	359
Hoja 1	Hodja 1	Ходжа 1	41.2057915	69.2917284	24	1143
Holodilnik	Holodilnik	Холодильник	41.5148916	70.0823008	15	684
Honabod	Khanabad	Ханабад	41.2316120	69.2717110	27	1374
Hondoyliq	Khondaylik	Хандайлык	41.6124787	69.7288321	15	615
Honobod	Khanabad	Ханабад	40.9209851	69.1055404	13	460
Honobodtepa	Khanabadtepa	Ханабадтепа	41.2197392	69.2665978	27	1389
Hos	Khos	Хос	40.2722220	69.2022220	14	505
Hosildor	Khosildor	Хосилдор	40.7290647	68.9462825	13	496
Hudjat	Hudjat	Худжат	40.9972095	69.2147895	24	1224
Hujakurgan	Khujakurgan	Хужакурган	41.4424301	69.4393934	19	860
Humsan	Xumsan	Хумсан	41.6710287	69.9587572	15	594
Hutor	Khutor	Хутор	40.4441642	69.1972026	14	532
Hvan T.G.	Xvan T.G.	Хван Т.Г.	41.2552190	69.4370663	26	1296
Ikkital	Ikkital	Иккитал	41.0050170	70.0329541	12	330
Ilg'or	Ilgor	Илгор	41.3715741	69.1500328	23	1110
Ilgar	Ilgar	Илгар	40.9301284	70.0069758	12	346
Ilich	Ilich	Ильич	40.7072385	69.1320609	16	750
Ilich nomidagi	Ilich	им. Ильича	40.7393948	69.1236772	16	749
Ilichevsk	Il'ichevsk	Ильичевск	41.0383330	68.8711110	17	815
Irhan	Irkhan	Ирхан	40.6625296	69.2052671	16	786
Iskandar	Iskandar	Искандар	41.5574298	69.7063727	15	713
Islohat	Islokhat	Ислохат	41.0821598	68.9470824	25	1285
Islomobod	Islamabad	Исламабад	41.0327780	69.1794440	20	926
Ispay	Ispay	Испай	41.7994772	70.2473482	15	694
Ittifoq	Ittifok	Иттифак	40.9778672	69.1570274	20	953
Ittifoq	Ittifok	Иттифак	41.0812471	68.7876797	17	808
Iyazbagish	Iyazbagish	Иязбагиш	41.1176447	68.9972263	25	1275
Izza	Izza	Изза	41.0054313	69.4023445	24	1160
Jagalbayli	Jagalbayli	Джагалбайлы	40.7874349	69.2127269	16	763
Jagalbayli	Jagalbayli	Джагалбайлы	40.8829518	69.0696661	13	445
Jakearcha	Jakearcha	Джакеарча	40.9471035	70.0536860	12	345
Jalair	Jalair	Джалаир	41.3653262	69.4437834	19	888
Jalayr	Jalayr	Джалаир	40.8749393	69.6411691	22	1052
Jalayr	Jalayr	Джалаир	40.8320718	69.0444453	13	450
Jalindin	Jalindin	Жалындын	41.4444992	69.7996095	15	653
Jaloir	Jaloir	Джалоир	41.1753982	69.2788503	24	1204
Jaloir	Jalair	Джалаир	40.9822220	69.2133330	13	475
Jaloltepa	Jaloltepa	Джалолтепа	41.2321498	69.4533860	26	1343
Jandal	Jandal	Джандал	40.8738505	69.7866499	12	397
Jangaboy	Jangaboy	Жангабай	41.0755135	69.4031618	24	1154
Janibek	Janibek	Джанибек	40.8544367	69.9411562	12	416
Janjal	Janjal	Джанджал	40.8698622	69.9233054	12	415
Jar	Jar	Джар	40.8271894	69.4697889	22	1091
Jarikbash	Jarikbash	Джарыкбаш	41.0582423	69.1839490	24	1213
Jartash	Jartash	Джарташ	41.0552585	69.8207586	12	295
Javgashti	Javgashti	Джавгашты	41.1089433	69.3709320	24	1173
Jaylacha	Jaylacha	Джайлача	40.6927491	69.7115743	22	1056
Jdanov	Jdanov	Жданов	40.3517626	69.1530063	14	550
Jigamol tabiiy maydoni	Jigamol natural boundary	Джигамол урочище	41.8469510	70.3209538	15	699
Jigilsay	Jigilsay	Джигилсай	40.6954209	69.0959398	16	730
Jigiristan	Jigiristan	Джигиристан	41.0179308	70.1930899	12	327
Jilma	Jilma	Джильма	41.3363868	69.6542919	21	1000
Judjurek	Judjurek	Джуджурек	41.8882000	70.3488717	15	687
Jukova	Jukova	Жукова	40.9968635	69.4654181	12	424
Jumabozor	Jumabazar	Джумабазар	41.2367967	69.5075317	26	1344
Jumagul	Jumagul	Джумагуль	40.8832578	68.8788598	20	975
Jumarad	Jumarad	Джумарад	40.9167445	69.1290365	13	462
Junurun-Kala	Dzhunurun-Kala	Джунурун-Кала	41.1166670	69.2500000	24	1203
Jurekbau	Jurekbau	Джурекбау	41.4892484	69.8884577	15	609
Jushali	Jushali	Джушалы	41.0374764	70.0442028	12	329
Kadirlik	Kadirlik	Кадырлик	41.3809948	69.4102977	19	880
Kal'	Kal'	Каль	40.3168752	69.2515727	14	574
Kalacha	Kalacha	Калача	41.6468518	70.0660578	15	677
Kamar	Kamar	Камар	40.9090141	69.9295145	12	387
Kamar	Kamar	Камар	40.8741749	69.7332476	12	380
Kanalobod	Kanalabad	Каналабад	41.0600304	68.7731225	17	807
Kanavutchi	Kanavutchi	Канавучти	40.9706165	69.4323072	24	1230
Kangali	Kangali	Кангалы	41.4393407	69.3806539	19	876
Kanjigalisay tabiiy maydoni	Kanjigalisay natural boundary	Канджигалысай урочище	41.5336379	69.7202927	15	641
Kanka	Kanka	Канка	40.8063582	68.9853794	13	434
Kanklisay	Kanklisay	Канклысай	41.0509112	69.4183228	24	1149
Kaparta	Kaparta	Капарта	40.9548518	69.9728343	12	400
Kaptarkumush	Kaptarkumush	Каптаркумуш	41.8254519	70.3340686	15	697
Karabalik	Karabalik	Карабалык	40.9000000	69.8500000	12	388
Karabas	Karabas	Карабасту	41.4358617	69.8437895	15	655
Karabash	Karabash	Карабаш	41.0277685	69.7380915	12	294
Karabastu	Karabastu	Карабасту	41.4354956	69.7830461	15	649
Karabau	Karabau	Карабак	41.0366730	70.0493748	12	308
Karakalpak	Karakalpak	Каракалпак	41.2098823	69.4075525	26	1304
Karakalpak	Karakalpak	Каракалпак	41.1863890	69.3183330	24	1165
Karakalpak	Karakalpak	Каракалпак	41.1463287	69.4155907	24	1158
Karakalpak	Karakalpak	Каракалпак	40.9290661	69.9881895	12	413
Karakishlak	Karakishlak	Каракишлак	40.9372511	70.0701209	12	347
Karakiya	Karakiya	Каракия	41.0148795	69.7908196	12	297
Karakultisay vodiy	Karakultisay valley	Каракультысай долина	41.1865727	69.6043545	26	1334
Karamanas	Karamanas	Караманас	41.3892037	69.7095358	15	642
Karamansay vodiy	Karamansay valley	Карамансай долина	41.2069027	69.5897589	26	1340
Karangitugan	Karangitugan	Карангытуган	41.9897721	70.6414517	15	707
Karankul	Karankul	Каранккуль	41.5691391	69.9068763	15	660
Karashik	Karashik	Карашик	40.8081518	69.3049445	16	783
Karasiyrak	Karasiyrak	Карасийрак	40.8322197	69.2875248	22	1070
Karatoka	Karatoka	Каратока	40.8080402	69.9967917	12	339
Karaultepa	Karaultepa	Караултепа	40.8100095	69.3441059	22	1077
Kargasin	Kargasin	Каргасын	40.9846029	69.6915464	12	366
Karl Marks	Karl Marx	Карл Маркс	41.3803781	69.5671173	26	1325
Kashka	Kashka	Кашка	40.8868357	69.4478601	22	1088
Kashka	Kashka	Кашка	41.3415610	69.8469167	21	1007
Katakan	Katakan	Катакан	41.0555941	70.0423615	12	316
Kataraul	Kataraul	Катараул	41.0625588	69.6116159	12	292
Katta Maydontol	Big Maydantal	Большой Майдантал	41.3879010	70.1547688	15	675
Katta-Ravot	Katta-Ravat	Катта-Рават	40.7380938	69.3430206	16	781
Katta-Ravot	Katta-Ravat	Катта-Рават	40.7343200	69.3022692	16	773
Kattabo'ri tabiiy maydoni	Kattaburi natural boundary	Каттабури урочище	41.2658999	69.7289745	21	1025
Kattasayd tabiiy maydoni	Kattasayd natural boundary	Каттасаид урочище	40.8825252	69.9543895	12	422
Kattasu	Kattasu	Каттасув	41.3508060	69.4299371	19	889
Kavardan	Kavardan	Кавардан	41.3530181	69.5533153	26	1298
Kavkazaul 2	Kavkazaul 2	Кавказаул 2	40.8716067	69.2869042	22	1069
Kayankulak	Kayankulak	Каянкулак	40.8742705	69.0696135	13	446
Kayragach	Kayragach	Кайрагач	40.7976135	69.3302051	22	1076
Kayragach	Kayragach	Кайрагач	41.2349120	69.7495399	21	1030
Keles	Keles	Келес	41.4033977	69.2070100	23	1094
Kelovchi	Keravchi	Керавчи	40.8959568	69.4895469	22	1039
Keltas	Keltas	Кельтас	41.5414938	69.9296231	15	604
Kenes	Kenes	Кенес	40.9076651	68.8618296	20	973
Kensay	Kensay	Кенсай	41.4289943	69.2835594	23	1123
Kerat	Kerat	Керат	40.8671624	69.0634503	13	448
Kichik Maydantal	Little Maydantal	Малый Майдантал	41.3564948	70.1244953	15	676
Kinjalak tabiiy maydoni	Kinjalak natural boundary	урочище Кинжалак	41.5228879	69.5558756	19	911
Kipchak	Kipchak	Кипчак	41.3875802	69.5188631	19	909
Kirak	Kirak	Кирак	41.3655016	69.7625735	15	651
Kirda	Kirda	Кирда	41.0799261	68.9985028	25	1280
Kirdaptir	Kyrdaptyr	Кырдаптыр	41.7914952	70.2248647	15	701
Kirdara	Kirdara	Кирдара	41.0123712	68.7942924	17	822
Kirgizaul	Kyrgyzaul	Киргизаул	41.2358949	69.2891930	27	1371
Kirgizaul	Kyrgyzaul	Киргизаул	41.0690469	69.3563080	24	1178
Kirgizaul	Kyrgyzaul	Киргизаул (бывш. Крупской)	41.4552369	69.4979707	19	906
Kirgizaul	Kyrgyzaul	Киргизаул	40.6827538	69.0847070	16	751
Kirim	Kirim	Кырым	40.9514871	69.8879608	12	398
Kirkkuruk	Kirkkuruk	Кырккурук	41.4364858	69.5692835	18	844
Kirov	Kirov	Кирова	41.0282392	69.3059850	24	1239
Kirova	Kirova	Кирова	40.9079294	69.2469005	22	1065
Kiyat	Kiyat	Кият	41.2843406	69.4253907	26	1290
Kizilkiya	Kizilkiya	Кызылкия	41.0326064	69.7963227	12	296
Kizilnura 1	Kizilnura 1	Кызылнура 1	41.2761782	69.9544593	21	994
Kizilora	Kyzylora	Кызылора	41.5027929	69.9471271	15	608
Kizilsay tabiiy maydoni	Kizilsay natural boundary	Кызылсай урочище	41.1343772	69.5328247	26	1338
Kizilsu	Kyzylsu	Кызылсу	41.6173045	69.8833257	15	647
Ko'k-Saroy	Kuk-Saray	Кук-Сарай	41.1061445	70.3368967	12	312
Ko'kbo'yin	Kukbuyin	Кукбуйин	41.1422190	69.3824165	24	1236
Ko'korol	Kukaral	Кокарал	40.6421395	69.2208002	16	720
Ko'ksaroy	Kuksaray	Куксарай	41.3544884	69.1412866	23	1096
Ko'ltepa	Kultepa	Культепа	41.1432304	69.2490744	24	1196
Ko'ltepa	Kultepa	Культепа	41.4432860	69.2115222	23	1117
Ko'ltepa	Kultepa	Культепа	41.1258224	69.2366684	20	927
Ko'ltepa	Kultepa	Культепа	40.9257435	69.1380574	13	461
Ko'prik Boshi	Kuprik Boshi	Куприк Боши	41.4196676	69.5262507	19	858
Ko'tarma	Kotarma	Кутарма	40.9692232	68.7594714	17	828
Kochek	Kochek	Кочек	40.9226861	68.8291769	20	961
Kokaral 3-bo'lim	Kokaral department №3	Кокарал отдел №3	40.6741364	69.2984493	16	777
Kokaral 4-bo'lim	Kokaral department №3	Кокарал отдел №4	40.6766095	69.2378997	16	778
Kokiugin	Kokiugin	Кокиугин	41.1377867	69.3791666	24	1159
Kokterek	Kokterek	Коктерек	41.4197363	69.2047209	23	1115
Kommuna	Kommuna	Коммуна	41.3092482	69.6385857	21	1023
Komsomol	Komsomol	Комсомол	40.7476123	69.2607429	16	772
Konkus	Konkus	Фрунзе	41.1599494	69.0646553	25	1257
Konsoy	Konsay	Кансай	40.5656213	69.1492004	14	554
Konstruktorlar mavzesi	Constructors quarter	квартал Конструкторов	41.4606825	69.5675065	18	850
Konurdek	Konurdek	Конурдек	41.4032427	69.8977087	21	1014
Korahusan	Korakhusan	Корахусан	41.1965627	69.1734772	27	1361
Korahusan	Korakhusan	Корахусан	41.2045007	69.1802491	27	1350
Korneksay tabiiy maydoni	Korneksay natural boundary	Корнексай урочище	41.3651426	69.6607306	21	1004
Koshbulak	Koshbulak	Кошбулак	41.8228782	70.2592465	15	700
Koshkar tabiiy maydoni	Koshkar natural boundary	урочище Кошкар	41.6653274	69.6470167	19	914
Koshnar tabiiy maydoni	Koshnar natural boundary	Кошнар урочище	41.6671324	69.6473362	19	916
Krasnaya Zarya	Krasnaya Zarya	Красная Заря	40.8189808	68.9745042	13	482
Krasnaya Zarya	Krasnaya Zarya	Красная Заря	40.8670362	69.1541054	13	474
Kuchek	Kuchek	Кучек	40.8166670	68.8666670	20	958
Kuchgarsuygan	Kuchgarsuygan	Кучкарсуйган	40.7903975	69.0966976	16	740
Kuchluk	Kuchluk	Кучлик	41.0133663	69.2347852	24	1209
Kukanaul	Kukanaul	Куканаул	40.7614451	69.3123829	16	782
Kulbashi	Kulbashi	Кульбаши	40.8250701	69.5215224	22	1043
Kuldarak	Kuldarak	Кульдарак	40.7994714	69.1534310	16	755
Kuldarak 1	Kuldarak 1	Кульдарак 1	40.7987571	69.1438081	16	737
Kuldarak 2	Kuldarak 2	Кульдарак 2	40.8001015	69.1599016	16	738
Kulisay tabiiy maydoni	Kulisay natural boundary	Каулисай урочище	40.6308583	69.2194938	16	788
Kultahta tabiiy maydoni	Kultahta natural boundary	Культахта урочище	40.9030641	69.2384680	22	1067
Kultepa	Kultepa	Культепа	40.8544801	69.4042800	22	1042
Kumarik	Kumarik	Кумарык	41.0582099	69.3426625	24	1179
Kumbel	Kumbel	Кумбель	41.4840998	70.0460741	21	996
Kumirsay	Kumirsay	Кумырсай	41.1080775	69.6002072	26	1341
Kumushkan	Kumushkan	Кумушкан	41.3007309	69.8581166	21	1018
Kumushkon	Kumushkan	Кумушкан	41.3181031	69.8174668	21	1017
Kunch tabiiy maydoni	Kunch natural boundary	Кунч урочище	41.8348552	70.2739890	15	692
Kungurberat	Kungurberat	Кунгурберат	41.4991003	69.8509208	15	664
Kungurtus	Kungurtus	Кунгуртус	41.0520415	69.0205178	25	1263
Kunsh	Kunsh	Кунч	41.8318010	70.2754132	15	624
Kuralash	Kuralash	Куралаш	40.9853104	68.7597763	17	829
Kurdlar vodiyi tabiiy maydoni	Kurd's valley natural boundary	урочище Курдская Долина	41.5139147	69.4132249	19	898
Kurgan	Kurgan	Курган	40.8223113	69.9608093	12	417
Kurgan	Kurgan	Курган	40.9233330	69.9119440	12	389
Kurgan	Kurgan	Курган	40.8744882	69.7409134	12	381
Kurjaylau tabiiy maydoni	Kurjaylau natural boundary	Курджайляу урочище	41.7708272	69.9801500	15	645
Kurkam	Kurkam	Куркам	40.6052808	69.2055278	14	528
Kursak	Kursak	Курсак	40.9323265	69.9286740	12	404
Kursay	Kursay	Курсай	41.1156862	69.5919964	26	1293
Kuruksay tabiiy maydoni	Kuruksay natural boundary	Куруксай урочище	40.6781175	69.2771763	16	779
Kushek	Kushek	Кушек	40.9125739	68.8240144	20	970
Kushek	Kushek	Кушек	41.0637632	69.1485473	20	931
Kushek	Kushek	Кушек	41.4470732	69.6309511	15	634
Kushrabad	Kushrabad	Кушрабада	40.8161992	70.0519470	12	340
Kutarma	Kutarma	Кутарма	41.0360552	69.3114045	24	1185
Kuyan	Kuyan	Куян	41.3319659	69.0852742	27	1382
Kuybisheva	Kuybisheva	Куйбышева	40.8670837	69.1295961	13	463
Kuybisheva	Kuybisheva	Куйбышева	40.8068462	69.0500223	13	453
Leninabad	Leninabad	Ленинабад	41.0187059	69.3049980	24	1190
Leningrad	Leningrad	Ленинград	41.0956364	69.1625273	20	935
Leninizm 3-bo'lim	Leninizm department №3	Ленинизм отдел №3	40.7690498	69.2646960	16	771
Leshkerek	Leshkerek	Лешкерек	40.9157413	70.1962690	12	344
Lesnichestvo	Lesnichestvo	Лесничество	41.0381574	69.9237703	12	301
Lisenko	Lisenko	Лысенко	40.7760934	69.1699380	16	758
M.Mirzaeva nomidagi institut	M.Mirzaeva institute 	Институт имени М.Мирзаева (бывш. Шредера)	41.4246831	69.3234069	19	872
Madaniyat	Madaniyat	Маданият	41.4258900	69.3489399	19	865
Madaniyat	Madaniyat	Маданият	40.7494016	68.9130266	13	494
Magarach	Magarach	Магарач	41.4032742	69.4683906	19	910
Makkulya	Makkulya	Маккулья	41.1178126	70.3498494	12	313
Mallaboy	Mallaboy	Маллавой	40.3544223	69.2044873	14	539
Mamut	Mamut	Мамут	41.1930794	69.4157518	26	1305
Mamut	Mamut	Мамут	40.8382736	68.8543333	20	978
Mamut	Mamut	Мамут	40.8103431	68.9151262	13	493
Maradaul	Maradaul	Мурадаул	40.8108900	68.9684341	13	437
Markaz	Markaz	Марказ	41.1222519	68.9367299	25	1276
Masalboy	Masalboy	Масалбай	41.4098536	69.1828410	23	1116
Mash'al	Mashal	Машал	41.1787346	69.4027476	24	1163
Mashak	Mashak	Машак	40.8270202	69.5051426	22	1044
Mashaovul	Mashaaul	Машааул	40.9462242	69.4653351	24	1234
Mashikatup	Mashikatup	Машикатуп	41.1270949	70.3627225	12	304
Mashrab	Mashrab	Машраб	41.1542642	69.1138667	25	1251
Mavlonova	Mavlanova	Мавлянова	40.4195013	69.1411565	14	559
Mavlonova 4-bo'lim	Mavlanova department №4	отдел №4 имени Мавлянова	40.4084884	69.1953419	14	546
Maydantal	Maydantal	Майдантал	41.7817751	70.2150911	15	702
Maydontol	Maydantal	Майдантал	41.9965210	70.6390143	15	705
Mayskiy	Mayskiy	Майский	41.4518696	69.5265092	18	838
Maytepa	Maytepa	Майтепа	40.7589714	69.1763335	16	757
Mazarqishloq	Mazarkishlak	Мазаркишлак	41.0051799	69.5247291	12	285
Mevazor	Mevazor	Мевазор	41.2839488	69.1033882	27	1376
Mevazor mahallasi	Mevazor mahalla	Мевазар махалля	41.3134579	69.3562713	19	918
Mihaylovskoe	Mikhaylovskoe	Михайловское	41.4206537	69.3157383	19	871
Mikrorayon	Microdistrict	Микрорайон	40.9932141	69.3643302	24	1241
Mineral suvlar sihatgohi	Mineral suvlari sanatorium	Минеральные воды санаторий	41.3561434	69.0781175	23	1136
Mingchinor	Mingchinor	Мингчинар	40.9128628	69.0119063	20	925
Mingtepa	Mingtepa	Мингтепа	40.9925121	69.3888415	24	1226
Mirishkor	Mirishkor	Миришкор	41.1894120	69.0279592	25	1255
Mirzabek	Mirzabek	Мирзабек	40.7537243	69.1129478	16	745
Mishenniy Dvor	Mishenniy Dvor	Мишенный Двор	41.5515334	69.6233163	19	863
Mitan	Mitan	Митан	40.7625101	68.9413522	13	491
Molodejniy	Molodejniy	Молодёжный	41.4161325	69.5688276	26	1327
Mugul	Mugul	Мугул	40.8737642	69.4867740	22	1092
Mulani	Mulani	Муланы	41.5309571	69.9647110	15	672
Mullala	Mullala	Муллала	41.7692195	70.1968981	15	695
Munchoqtepa	Munchaktepa	Мунчактепа	40.9080480	69.6136029	12	362
Murotali	Muratali	Муратали	40.8224403	69.3465464	22	1037
Murtak	Murtak	Муртак	40.8666670	69.9333330	12	390
Muskarbag	Muskarbag	Мускарбаг	40.7798847	69.1620071	16	759
Mustafa Chachi	Mustafa Chachi	Мустафа Чачи	40.9670599	69.0832873	20	946
Mustaqillik	Mustakillik	Мустакиллик	41.1888323	69.3879098	24	1144
Mustaqillik	Mustakillik	Мустакиллик	41.4563530	69.3462385	23	1099
Mustaqillik	Mustakillik	Мустакиллик	41.4304464	69.3664270	19	870
Nalazor	Nalazor	Налазар	41.4202868	69.5483573	19	902
Namuna	Namuna	Намуна	40.3275095	69.2627812	14	575
Nanay	Nanay	Нанай	41.7128306	70.1058835	15	689
Nanli	Nanli	Нанлы	41.4372744	69.5256053	18	842
Nau	Nau	Нау	41.1435711	69.0899401	25	1242
Navbahor	Navbahor	Навбахор	41.2554816	69.5414120	21	1021
Navoiy	Navoi	Навои	41.2239847	69.4783808	26	1314
Navoiy	Navoi	Навои	41.2094419	68.9968946	25	1265
Navoiy	Navoi	Навои	40.9897989	69.1788060	24	1221
Navoiy	Navoi	Навои	41.0065117	68.9096470	17	801
Navoiy	Navoi	Навои	41.0285948	68.9131232	17	799
Navoiy	Navoi	Навои	40.8873482	69.1923951	13	473
Navoiy	Navoi	Навои	40.8567272	68.9985908	13	444
Navoiy 4-bo'lim	Navoi department №4	Навои отдел №4	40.8431220	68.9450222	13	481
Navruz	Navruz	Навруз	40.2182070	69.1819336	14	592
Navruz	Navruz	Навруз	40.7250853	68.9864530	13	498
Nayma	Nayma	Найма	41.1000000	69.1666670	20	934
Nayman	Nayman	Найман	40.9528248	68.8295843	17	832
Nayman	Nayman	Найман	40.3245455	69.0931323	14	569
Nazarbek	Nazarbek	Назарбек	41.3070078	69.1410046	27	1366
Nazarbek sovhozi 4-bo'lim	Nazarbek sovkhoz department №4	Совхоз Назарбека отдел №4	41.3356928	69.0966573	27	1377
Nazarboy	Nazarboy	Назарбай	40.3695251	69.2202162	14	538
Nazarovul	Nazaraul	Назрааул	41.2279969	69.3900715	26	1311
Nevich	Nevich	Невич	41.1926510	69.7701018	21	990
Nikbaysay	Nikbaysay	Никбайсай	40.8035199	69.6684227	22	1048
Niyozbosh	Niyazbash	Ниязбаш	41.1033568	69.0912330	25	1243
No'g'ayqo'rg'on	Nagaykurgan	Нагайкурган	40.9116960	69.6122933	12	363
Nomdanak	Nomdanak	Номданак	41.2405103	69.2820205	27	1373
Nomdanak	Namdanak	Намданак	41.1822220	69.6838032	21	988
Novdak	Nowdak	Новдак	41.1879551	69.7581943	21	991
Nurafshon	Nurafshon	Нурафшон	41.0429158	69.3578473	24	1137
Nurekata	Nurekata	Нуреката	41.4293251	69.9515857	21	1010
Nurli zamin	Nurli zamin	Нурли замин	41.1206158	69.4855186	26	1342
Nurobod	Nurabad	Нурабад	40.9055503	69.8023224	12	431
O'nqo'rg'on	Unkurgan	Ункурган	41.3354534	69.1327834	27	1353
O'nqo'rg'on	Unkurgan	Ункурган	41.3911269	69.3507274	19	866
O'rikzor	Urikzar	Урюкзар	40.3413651	69.1586117	14	551
O'rta-Bo'z	Urta-Buz	Урта-Буз	40.3215089	69.2646243	14	577
O'rtabo'z	Urtabuz	Уртабуз	40.3583803	69.1090094	14	564
O'rtaovul	Urtaaul	Уртааул	41.1886539	69.1456294	27	1347
O'rtaovul	Urtaaul	Уртааул	41.0018370	69.4278388	24	1161
O'rtasaroy	Urtasaray	Уртасарай	41.0979551	69.3584193	24	1175
O'rtasaroy	Urtasaray	Уртасарай	41.1276666	69.4197543	24	1138
O'zbekiston	Uzbekistan	Узбекистан	41.2034354	69.0807246	27	1355
O'zbekiston	Uzbekistan	Узбекистан	41.3050232	69.4694492	26	1300
Obirahmat	Abirakhmat	Аурахмат	41.5609652	70.1139374	15	606
Obliq qoʻrgʻoni	Ablik kurgan	Аблык курган	40.9772354	70.0572435	12	337
Obod	Abad	Абад	41.2334698	69.3083211	27	1369
Ogonek	Ogonek	Огонек	41.0565275	69.1091258	20	937
Ohangaron	Akhangaran	Ахангаран	40.9059986	69.6474735	12	276
Oktyabr	Oktyabr	Октябрь	41.4061897	69.2860076	23	1125
Oktyabrskiy	Oktyabrskiy	Октябарьский	41.0853643	68.8899386	25	1278
Olimbobo	Alimbaba	Алимбаба	41.3128508	69.1081680	27	1365
Olimkent	Alimkent	Алимкент	40.9588895	69.1631093	13	436
Olmachi	Olmachi	Алмачи	40.9454682	69.0677011	20	950
Olmazor	Olmazar	Олмазар	41.3082615	69.5533570	26	1345
Olmazor	Olmazor	Алмазар	41.1068977	68.8758518	25	1274
Olmazor	Olmazor	Алмазар	40.9682917	68.8559578	17	794
Oltiovul	Altiaul	Алтыаул	40.8470550	69.3415651	22	1093
Oltmish kangli	Oltmish kangli	Олтмиш кангли	40.7302202	69.1039223	16	746
Opashak	Opashak	Опащак	41.5125964	69.8427192	15	665
Opitnaya stantsya	Opitnaya stantsya	Опытная станция	40.9523661	69.0320182	20	942
Oqcha	Akcha	Акча	40.9448809	69.9024969	12	430
Oqcha	Akcha	Акча	40.9104507	69.8262970	12	407
Oqoltyn	Akaltin	Акалтын	41.1139529	69.4248505	24	1148
Oqovul	Akaul	Акаул	41.2771219	69.5214866	26	1329
Oqqo'rg'on	Akkurgan	Аккурган	40.8785346	69.0443667	13	433
Oqqo'rg'on 1-bo'lim	Akkurgan department №1	Аккурган отдел №1	40.7739176	69.0216489	13	454
Oqqo'rg'on 2-bo'lim	Akkurgan department №2	Аккурган отдел №2	40.7841561	68.9655316	13	488
Oqqo'rg'on 3-bo'lim	Akkurgan department №3	Аккурган отдел №3	40.7936690	68.9054760	13	489
Oqqo'rg'on 4-bo'lim	Akkurgan department №4	Аккурган отдел №4	40.7770395	68.9219636	13	490
Oqqo'rg'on 4-bo'lim	Akkurgan department №4	Аккурган отдел №4	40.7758933	68.9240340	13	486
Oqqovoq	Okkovok	Окковок	41.4158860	69.4854531	19	885
Oqtepa	Oktepa	Октепа	41.2285546	69.2461539	27	1368
Oqtepa	Aktepa	Актепа	40.8717062	69.3511012	22	1081
Oqtepa	Aktepa	Актепа	40.9211550	69.2667823	22	1058
Oqtepa	Aktepa	Актепа	40.7426454	69.1050562	16	744
Oqtepa	Aktepa	Актепа	40.8739122	69.7773041	12	396
Oqtom	Oktom	Октом	41.3524445	69.0632550	23	1108
Oqtosh	Aktash	Акташ	41.6337898	69.7667483	15	639
Oqtosh	Aktash	Акташ	41.5617823	69.7048537	15	638
Oqtosh	Aktash	Акташ	40.8035386	69.7443525	12	371
Oqtosh	Aktash	Акташ	40.9323736	69.5332668	12	357
Oronchi	Aranchi	Аранчи	41.0193381	69.2080737	24	1145
Ostanovochniy punkt	Ostanovochniy punkt	Остановочный пункт	41.0845728	69.2423356	24	1197
Oy Buloq	Oy Bulak	Ой Булак	40.9247084	69.5543202	12	354
Oybek	Aybek	Айбек	41.2811592	69.0318014	27	1375
Oybek	Aybek	Айбек	40.5341881	69.2116512	14	503
Oydin	Oydin	Айдын	40.9616031	68.8043254	17	831
Oygaing	Oygaing	Ойгаинг	42.1631961	70.8691218	15	706
Oyjaylau	Oyjaylau	Ойджайляу	41.3848669	69.9471222	21	1016
Oyrikuylak	Oyrikuylak	Ойрикуйлак	41.3871082	69.1977163	23	1134
Ozodlik	Ozodlik	Озодлик	40.9427218	69.5195375	12	278
Pahta	Pakhta	Пахта	41.0186836	68.9410406	17	796
Pahtachi	Pakhtachi	Пахтачи	40.8836179	68.9641554	20	982
Pahtachilik instituti	Cotton Institute	Институт хлопководства (СоюзНИХИ)	41.4158544	69.4893227	19	867
Pahtakor	Pakhtakor	Пахтакор	40.6549037	69.3215587	16	784
Pahtakor	Pakhtakor	Пахтакор	40.6309510	69.3209094	14	512
Pahtaobod	Pakhtaabad	Пахтаабад	40.8628646	68.9622148	20	981
Pahtazor	Pakhtazor	Пахтазар	40.9856123	69.0458851	20	941
Palatau	Palatau	Палятау	41.5749901	70.1577245	15	605
Palvanak	Palvanak	Палванак	41.7767731	70.2014125	15	703
Parchayuz	Parchayuz	Парчаюз	41.5597514	69.8475666	15	661
Parchayuz	Parchayuz	Парчаюз	40.3649334	69.1050290	14	563
Parchayuz	Parchayuz	Парчаюз	40.3880560	69.1769440	14	519
Pargos	Pargos	Паргос	41.5445254	69.6832406	15	626
Parkent	Parkent	Паркент	41.2902578	69.6754711	21	985
Parkentchi	Parkentchi	Паркентчи	40.6997174	69.0509703	16	731
Parlisay	Parlisay	Парлисай	41.1079924	69.6850872	21	1029
Parlisay	Parlisay	Парлисай	41.1004826	69.6646798	12	287
Paskelen	Paskelen	Паскелен	40.8406907	69.0137706	13	449
Pastki Qoʻshtamgʻali	Pastki Kushtamgali	Пастки Куштамгали	40.2751267	69.1237163	14	580
Pavalizar	Pavalizar	Павализар	41.2125586	69.1722035	27	1362
Pilal tabiiy maydoni	Pilyal natural boundary	Пилял урочище	41.1288437	69.9631958	12	299
Piskent №1	Pskent №1	Пскент №1	40.9500915	69.2929925	22	1061
Piskent №1, 1-bo'lim	Pskent №1, department №1	Пскент №1, отдел №1	40.9608061	69.3016529	22	1059
Piskent №1, 2-bo'lim	Pskent №1, department №2	Пскент №1, отдел №2	40.8811979	69.2945512	22	1079
Piskent №1, 3-bo'lim	Pskent №1, department №3	Пскент №1, отдел №3	40.9513008	69.2874236	22	1060
Piskent №1, 4-bo'lim	Pskent №1, department №4	Пскент №1, отдел №4	40.9179304	69.3163858	22	1078
Piskent №1, 4-bo'lim	Pskent №1, department №4	Пскент №1, отдел №4	40.9387832	69.2620503	22	1062
Piskent №1, 5-bo'lim	Pskent №1, department №5	Пскент №1, отдел №5	40.8791389	69.2654869	22	1068
Piskent №1, 7-bo'lim	Pskent №1, department №7	Пскент №1, отдел №7	40.9528041	69.2402326	13	478
Pitomnik	Pitomnik	Питомник	41.3929913	69.3078212	23	1128
Pskem	Pskem	Пскем	41.9289772	70.3740719	15	691
Pskemsoy	Pskemsay	Пскемсай	41.9188079	70.4083180	15	693
Pyatiletka	Pyatiletka	Пятилетка	41.0480168	69.2962389	24	1186
Pyatiletka	Pyatiletka	Пятилетка	40.9205370	68.9092042	20	965
Qahramon	Kakhramon	Кахрамон	41.2301962	69.1273472	27	1349
Qahramon	Kakhramon	Кахрамон	41.1679294	69.0556393	25	1247
Qangli	Kangli	Кангли	41.1519060	69.5616663	26	1292
Qarshi	Karshi	Карши	41.3026445	69.5417981	26	1333
Qayirma	Kayrma	Каирма	40.8505275	69.0452034	13	452
Qayirma	Kayrma	Каирма	40.9246812	69.8608903	12	402
Qaynar	Kaynar	Кайнар	40.9757507	69.6571460	12	365
Qayrat	Kayrat	Кайрат	40.9289154	69.3394837	22	1071
Qaytmas	Kaytmas	Кайтмас	41.2461057	69.4073292	26	1308
Qazaqaul	Kazakhaul	Казахаул	41.2428306	69.3051876	27	1370
Qazaqaul	Kazakhaul	Казахаул	40.9517061	69.4460635	24	1231
Qazaqaul	Kazakhaul	Казакаул	40.9646409	69.1299945	20	954
Qazaqaul	Kazakhaul	Казакаул	40.6680007	69.1343225	16	767
Qazaqaul	Kazakhaul	Казахаул	40.4561770	69.2697435	14	527
Qazaqaul	Kazakhaul	Казахаул	40.9977200	69.5368624	12	352
Qibray	Kibray	Кибрай	41.3873284	69.4641139	19	856
Qipchoq	Kipchak	Кипчак	41.2156804	69.3441333	24	1147
Qipchoq	Kipchak	Кипчак	41.2223832	69.3405023	24	1146
Qipchoq	Kipchak	Кипчак	41.3704392	69.4960255	19	886
Qirg'izovul	Kirgizaul	Киргизаул	40.9311198	69.5535989	12	353
Qirsadaq	Kirsadak	Кирсадак	41.2317849	69.4970795	26	1315
Qirsadaq	Kirsadak	Кирсадок	41.0922611	69.0574974	25	1286
Qirsadaq	Kirsadak	Кирсадак	40.9698850	69.1367414	20	955
Qiyot (Центр)	Kiyat	Кият	40.3437475	69.0820770	14	518
Qizana	Kizana	Кызана	40.8270682	68.8259758	20	983
Qizg'aldoq	Kizgaldok	Кызкалдок	41.3890934	69.1727576	23	1113
Qizil Namuna	Kizil Namuna	Кызыл Намуна	40.9241997	68.9625822	20	966
Qizil Shalola	Kizil Shalola	Кызыл Шалола	41.4585050	69.4356238	19	862
Qizil Sharq	Kizil Shark	Кызыл Шарк	40.9010629	68.9487639	20	976
Qizil Sharq	Kizil Shark	Кызыл Шарк	41.1054352	69.1826522	20	929
Qizil-Askar	Kizil-Askar	Кызыл-Аскар	40.3665610	69.1523673	14	565
Qizil-Yulduz	Kizil-Yulduz	Кызыл-Юлдуз	41.3967451	69.5597387	26	1319
Qizilariq	Kizilarik	Кызыларык	41.0947176	68.9712736	25	1277
Qizilaskar	Kizilaskar	Кызыласкар	41.0032350	69.3103312	24	1189
Qizildehqon	Kizildehkan	Кизилдехкан	40.8062633	68.9339916	13	492
Qizilkarvon	Kizilkarvon	Кызылкарвон	40.9501130	69.1745631	13	469
Qiziltog'	Qiziltog	Красногорск	41.1533634	69.6731992	21	993
Qiziltu	Kiziltu	Кызылту	41.1858912	69.4698529	26	1306
Qiziltu	Kiziltu	Кызылту	41.3616102	69.4773541	19	887
Qiziltuv	Kiziltu	Кызылту	41.4798201	69.6569067	15	633
Qo'ldoshtepa	Kuldoshtepa	Кульдаштепа	40.8180934	69.1570043	16	735
Qo'ng'irot	Kungrat	Кунград	40.9632198	69.1905476	13	465
Qo'qoni	Kukany	Куканы	40.2461684	69.1555371	14	567
Qo'qonovul	Kokanaul	Коканаул	41.1825662	69.2989667	24	1201
Qo'rg'on	Kurgan	Курган	40.3148369	69.1999266	14	572
Qo'rg'oncha	Kurgancha	Курганча	40.9084880	68.7919417	20	968
Qo'rg'oncha	Kurgancha	Курганча	40.8769604	69.0278754	13	443
Qo'rg'ontepa	Kurgantepa	Кургантепа	40.9653060	69.1754479	13	466
Qo'rg'ontepa	Kurgantepa	Кургантепа	40.8408352	69.0938734	13	464
Qo'riq	Kurik	Курик	40.8047265	68.8714651	13	483
Qo'shqo'rg'on	Kushkurgan	Кошкурган	41.4809843	69.6319462	15	598
Qo'shtepa	Koshtepa	Коштепа	40.8211386	69.3767982	22	1041
Qo'shtepa	Koshtepa	Коштепа	40.8569781	69.0561165	13	447
Qodiriya	Kodiriya	Кадырья	41.3916454	69.3987503	19	878
Qolg'onsir	Kalgansir	Калгансыр	40.5821359	69.1266725	14	553
Qora Hitoy	Karakitay	Каракитай	40.9061110	69.7330560	12	367
Qora-Buloq	Kara-Bulak	Кара-Булак	41.7453113	70.1570819	15	686
Qorabog'	Korabog	Карабаг	40.7764881	69.1104942	16	742
Qoraboy	Korabay	Карабай	41.4586110	69.6108330	15	635
Qorabuloq	Karabulak	Карабулак	40.8289238	69.7390578	12	384
Qorako'yli	Karakuyli	Каракуйли	40.5032632	69.2573929	14	511
Qoralas	Karalas	Каралас	40.9849654	68.7832261	17	825
Qoramanas	Karamanas	Караманас	41.4334539	69.5964045	15	628
Qoramozor	Karamazar	Карамазар	41.4934937	69.8085036	15	629
Qoraqalpoq	Karakalpak	Каракалпак	41.3072463	69.5660156	21	1020
Qoraqo'yli	Karakoyli	Каракуйли	41.0114663	69.3080290	24	1184
Qoraqo'yli	Korakoyli	Каракуйли	40.7919075	69.2822237	16	769
Qoraqo'yli	Korakoyli	Каракуйли	40.8110002	69.2851502	16	718
Qoraquduq	Korakuduk	Каракудук	40.7664078	69.2436560	16	770
Qorasirak	Karasirak	Карасирак	40.8649280	69.0186226	13	442
Qorasu	Karasu	Карасу	40.7526960	69.0959191	16	743
Qorasuv	Karasu	Карасу	41.0825931	69.3292488	24	1141
Qoratepa	Karatepa	Каратепа	41.2841670	69.5105560	26	1331
Qorg'on-Shamat	Kurgan-Shamat	Курган-Шамат	40.8774532	69.7505857	12	382
Qoronqul	Karankul	Каранккуль	41.6014265	69.8777063	15	620
Qotortol	Katartal	Катартал	40.3717677	69.2878091	14	517
Qoʻngʻirboy	Kungirboy	Кунгирбай	40.2220468	69.1949485	14	588
Qumariq	Kumarik	Кумарык	41.2388709	69.2568739	27	1372
Qunduzyak	Kunduzyak	Кундузяк	41.0001144	69.2698745	24	1225
Qush-qo'ndi	Kush-kundi	Куш-кунди	41.3656190	69.0567694	23	1132
Qushtamg'ali	Kushtamgali	Куштамгалы	40.8523112	68.9816077	13	480
Qushyog'och	Kushyogoch	Кушёгоч	41.0376326	69.0285873	25	1260
Quyi Kal'	Lower Kal'	Нижний Каль	40.3260289	69.2382582	14	576
Quyi-chirchiq	Kuyi-chirchik	Нижние-чирчикский	41.4982481	69.6075063	18	845
Quyoshli	Kuyoshli	Куёшли	41.2014368	69.1351961	27	1351
Quyun	Kuyun	Куюн	40.8630918	69.6769008	12	361
Rahimov 3-bo'lim	Rakhimov department №3	Рахимова отдел №3	40.9384666	69.9426180	12	406
Ramadan	Ramadan	Рамадан	40.7438191	69.0753819	16	726
Ramadon	Ramadan	Рамадан	41.3370712	69.1099079	27	1354
Ramadon	Ramadan	Рамадан	41.3469805	69.0760509	23	1133
Ravot	Ravat	Рават	40.7365581	69.2434032	16	774
Razezd №135	Razezd №135	Разъезд №135	41.0135483	69.2921631	24	1193
Rokosovskiy	Rokosovskiy	Рокоссовский	41.0911410	68.8386087	17	812
Rokosovskiy	Rokosovskiy	Рокоссовский	40.9402125	69.2311808	13	477
Sabzavod	Sabzavod	Сабзават	41.3872870	69.3217082	23	1129
Sabzavot	Sabzavot	Сабзавот	41.3876018	69.3228011	23	1119
Sadoviy	Sadoviy	Садовый	41.4203109	69.4780131	19	884
Sag'bon	Sagbon	Сагбан	41.4093112	69.1743823	23	1098
Sagana	Sagana	Сагана	40.8657365	69.4665813	22	1090
Saglam	Saglam	Саглам	41.0111311	70.0355653	12	331
Said	Said	Саид	40.8475716	69.3557863	22	1038
Saidota	Saidata	Саидата	41.1454994	69.1659800	25	1248
Saidovul	Saidaul	Саидаул	41.1590198	69.2762753	24	1207
Saiyakka	Saiyakka	Саиякка	41.0979775	70.3239372	12	314
Sajoris	Sajoris	Саджорис	41.5735764	69.6553454	15	712
Saksonota	Saksonota	Саксонота	41.4157694	69.5819267	26	1320
Salar	Salar	Салар	41.3750095	69.3515484	19	868
Samarchuk	Samarchuk	Самарчук	41.0227818	70.0467197	12	317
Samarqand	Samarkand	Самарканд	41.0511110	68.8738890	17	817
Samarqand	Samarkand	Самарканд	40.7590267	69.2065418	16	762
Samarqand	Samarkand	Самарканд	40.7133311	69.0522351	16	728
Samsarak	Samsarek	Самсарак	41.2445188	69.6676302	21	992
Sanak	Sanak	Санак	40.8220032	69.8222243	12	410
Sanginek	Sanginek	Сангинек	41.2156583	69.7963090	21	989
Sanoat	Sanoat	Саноат	41.4496679	69.3533323	23	1107
Sargardon	Sargardon	Саргардон	41.4755540	70.2474425	15	682
Sari	Sari	Сары	40.9493278	69.7546581	12	378
Sari Qangli	Sari Kangli	Сары Канглы	41.5519574	69.7480518	15	709
Saribas	Saribas	Сарыбас	41.4207181	69.8351357	15	656
Sarisuyun tabiiy maydoni	Sarisuyun natural bundary	Сарысуюн урочище	41.1189700	69.8497325	12	298
Saritash	Saritash	Сарыташ	40.8150353	69.9721532	12	418
Sarlibastau	Sarlibastau	Сарлыбастау	41.5222247	69.8684275	15	663
Sartyuz	Sartyuz	Сартюз	40.4798322	69.2623772	14	520
Sasik	Sasik	Сасык	40.9847129	69.9673837	12	376
Sasik	Sasik	Сасык	40.8309430	69.7202888	12	372
Sattarobod	Sattarabad	Саттарабад	40.8921238	68.8898979	20	974
Savrak	Savrak	Саврак	40.5387163	69.1872575	14	544
Say	Say	Сай	41.0685675	70.0914313	12	309
Saylik	Saylik	Сайлык	40.9228725	69.2271904	22	1064
Sayme	Sayme	Саимэ	41.0516777	68.9772896	25	1279
Sazaul	Sazaul	Сазаул	41.4723614	69.8902488	15	611
Segizsari	Segizsari	Сегизсари	40.2564871	69.1600549	14	583
Selmash	Selmash	Сельмаш	41.4548103	69.5053771	19	908
Semgran	Semgran	Семгран	40.9645600	70.0824343	12	336
Sergeli	Sergeli	Сергели	41.4186593	69.5095566	19	903
Serkaqirildi	Serkakirildi	Саркакирилди	41.0751604	70.2211940	12	321
Severniy Mayak	Severniy Mayak	Северный Маяк	41.1551454	69.3829539	24	1140
Shampan	Shampan	Шампан	41.2128851	69.7232403	21	986
Shamsiobod	Shamsiabad	Шамсиабад	41.3619447	69.1231951	23	1097
Sharhiya	Sharkhiya	Шархия	40.8796257	69.6635388	12	370
Shaugaz	Shaugaz	Шаугаз	40.8310939	69.8503528	12	420
Shavaz	Shavaz	Шаваз	40.9546039	69.7254294	12	369
Shaymonoprik	Shaymonoprik	Шаймонопрык	41.2493218	69.1092061	27	1380
Sho'ralisoy	Shuralisay	Шуралисай	41.1083603	68.9284114	25	1268
Shohruhiya	Shohruhiya	Шохрухия	40.7366403	68.9818219	13	499
Sholikor	Avangard	Шоликор	41.1844864	69.3299239	24	1164
Shonazar	Shonazar	Шоназар	41.2606566	69.4044911	26	1310
Shorcha	Shorcha	Шорча	40.5889376	69.2288812	14	542
Shorcha	Shorcha	Шорча	40.5909053	69.1955959	14	541
Shova	Shova	Шова	40.2246680	69.1840224	14	589
Shukurovul	Shukuraul	Шукураул	40.9851661	69.4017348	24	1227
Shuldak	Shuldak	Шулдак	41.4436106	69.8551645	15	610
Shungan	Shungan	Шунган	41.6108292	70.0564418	15	679
Shurcha	Shurcha	Шурча	40.6261495	69.2702349	14	514
Shuro	Shuro	Шурб	41.4219484	69.3091864	23	1106
Shvepnikova	Shvepnikova	Швепникова	40.7722788	69.3333118	22	1075
Sijjak	Sijjak	Сиджак	41.6927886	70.0600501	15	601
Singlimata tabiiy maydoni	Singlimata natural boundary	Синглимата урочище	41.3645659	69.6927948	21	1006
So'lti	Sulti	Султы	40.9197354	69.1215173	13	458
Soqoq	Sukok	Сукок	41.2499915	69.7776353	21	1035
Sosboga	Sasbaga	Сасбога	41.1480047	69.4515336	26	1294
Sosboga	Sosboga	Сосбога	41.4454465	69.4696577	19	882
Sovhoz Progress	Sovkhoz Progress	Совхоз Прогресс	41.2299122	69.5587206	21	1026
Sovhoz №1	Sovkhoz №1	Совхоз №1	41.3911293	69.6028982	21	999
Soyliq	Saylik	Сайлык	41.6163255	69.7673017	15	614
Staul	Staul	Стаул	41.3060868	69.4175210	19	896
Stepnoy aul	Stepnoy aul	Степной аул	41.4996905	69.5898653	18	840
Stroiteley	Stroiteley	Строителей	41.2964224	69.3707832	19	864
Suhat	Suhat	Сухат	41.7562041	70.2648459	15	704
Suktiyar	Suktiyar	Суктияр	41.2554957	69.4667742	26	1303
Surum	Surum	Сурум	41.3017282	69.4539889	26	1291
Surum	Surum	Сурум	41.1563890	69.2441670	20	928
Susam	Susam	Сусам	40.9000000	69.8833330	12	392
Sutbulak	Sutbulak	Сутбулак	41.0372663	68.8438000	17	821
Sutchilar	Sutchilar	Сутчилар	40.9920013	68.8202602	17	823
Suti	Suti	Суты	40.8333117	69.2485312	22	1057
Suyurtepa	Suyurtepa	Суюртепа	40.8587461	69.6079707	22	1053
Suzam	Suzam	Сузам	40.9120610	69.9436977	12	391
Sverdlov	Sverdlov	Свердлов	41.2171236	69.5212696	26	1336
Sverdlov	Sverdlov	Свердлов	40.7742838	69.3294424	22	1074
Svobodniy	Svobodniy	Свободный	41.3198319	69.3698432	19	919
Tagay	Tagay	Тагай	41.4441670	69.5280962	18	839
Tahtakuprik	Takhtakuprik	Тахтакупрюк	41.1178375	69.0804713	25	1262
Takayangak	Takayangak	Такаянгак	41.8734516	70.3318096	15	698
Talbulak	Talbulak	Талбулак	40.9398572	69.7713660	12	401
Tanagul	Tanagul	Танагул	41.4345093	69.4819046	19	883
Tangatapti	Tangatapti	Тангатапти	41.0811811	70.2367526	12	322
Tapil	Tapil	Тапыл	41.0412084	69.6584496	12	291
Taqachi	Takachi	Такачи	40.2474211	69.2283455	14	585
Taraqqiyot	Tarakkiyot	Тараккиёт	41.4377884	69.3577912	23	1131
Tarnov mahallasi	Tarnov mahalla	Тарнов	41.2970460	69.0942022	27	1378
Tasharyk	Tasharyk	Ташарык	40.8888890	69.8566670	12	393
Tashisti	Tashisti	Ташисти	41.3096700	69.4174591	19	893
Tashkishlak	Tashkishlak	Ташкишлак	40.8641115	69.6158709	22	1054
Tashmehleshoz	Tashmekhleskhoz	Ташмехлесхоз	40.9332377	69.3688037	22	1083
Tashsay	Tashsay	Ташсай	41.0794754	69.6472808	12	289
Tashtepa (harobalar)	Tashtepa (ruins)	Таштепа (развалины)	41.0496381	69.5928444	12	290
Tashtugan	Tashtugan	Таштуган	40.9892861	69.2393548	13	476
Taspaklisay tabiiy maydoni	Taspaklisay natural boundary	Таспаклисай урочище	40.6092269	69.1618202	16	789
Tastahtay tabiiy maydoni	Tastakhtay natural boundary	Тастахтай урочище	41.2717482	69.9755079	15	685
Tastobe	Tastobe	Тастобе	41.6297459	69.8671731	15	659
Tavaksay	Tavaksay	Таваксай	41.5503433	69.6769142	15	602
Tegermenjar	Tegermenjar	Тегерменжар	41.4209088	69.8142003	15	657
Tekstilshik	Tekstilshik	Текстильщик	41.2800713	69.0686006	27	1386
Telman	Telman	Тельман	41.0296945	68.8037010	17	826
Telman	Telman	Тельман	40.9249559	69.1956166	13	471
Telov	Telav	Телав	40.8856183	69.8077519	12	385
Tentyak	Tentyak	Тентяк	40.3378767	69.2823505	14	525
Tepar	Tepar	Тепар	41.8465845	70.2962390	15	688
Terakli	Terakli	Теракли	40.7146509	69.5993737	22	1055
Terakli	Terakli	Теракли	40.8085816	69.9559135	12	419
Terakzor	Terakzor	Теракзор	40.3299343	69.2314458	14	573
Terekti	Terekti	Теректы	41.5443142	69.8913896	15	612
Teshiktash	Teshiktash	Тешикташ	41.3637830	69.9228852	21	1015
Tinchlik	Tinchlik	Тинчлик	40.9704234	69.0145201	20	943
To'qaytepa	Tukaytepa	Тукайтепа	41.3312243	69.4102150	19	920
To'qimachilik fabrikasini yordamchi ho'jaligi	subsidiary farm Textile mill	подсобное хозяйство Текстильного комбината	41.0055787	69.0033473	25	1264
To'rtqo'rg'on	Turtkurgan	Турткурган	41.1712805	69.3010576	24	1182
Tojikobod	Tajikabad	Таджикабад	40.9713085	69.1870092	13	467
Tokkizkul	Tokkizkul	Токкызкуль	41.5346007	69.8702880	15	662
Tolovul	Talaul	Талаул	40.9004077	69.0889928	13	459
Toqimbay	Tukhumbay	Тухумбай	41.2083441	69.5026630	26	1335
Toshloq	Toshlok	Ташлак	41.1235619	69.4344304	24	1238
Toshloq	Toshlok	Ташлак	41.1916670	69.2947220	24	1166
Toshloq	Tashlak	Ташлак	41.1347551	69.2011917	20	930
Troitsk	Troitsk	Троицк	41.4345588	69.5460850	18	836
Tuhumbay	Tukhumbay	Тухумбай	41.0891056	69.3641239	24	1174
Tukboy	Tukboy	Тукбай	40.3034185	69.1029148	14	570
Tuksantukkiz	Tuksantukkiz	Туксантуккыз	40.7882411	69.0258018	13	440
TurkVO	TurkVO	ТуркВО	41.4305055	69.2589201	23	1118
TurkVO ov bazasi	TurkVO unting base	Охотбаза ТуркВО	40.5283974	69.1379587	14	555
TurkVO ovchilik ho'jaligi	TurkVO hunting farm	охотхозяйство ТуркВО	40.6138478	69.1106265	14	540
Turkaul	Turkaul	Туркаул	40.9380678	69.4915912	24	1232
Turkiston	Turkistan	Туркистан	41.5227471	69.4132317	19	881
Turkkishlak	Turkkishlak	Турккишлак	41.0608401	70.1744205	12	320
Tut	Tut	Тут	40.9410010	69.7209707	12	368
Tutamgali	Tutamgali	Тутамгалы	41.3320740	69.4547673	19	891
Tutamgaly	Tutamgaly	Тутомгалы	41.3781894	69.9022558	21	1012
Tutzor	Tutzor	Тутзор	41.3821579	69.3251152	23	1130
Tuyabo'g'is	Tuyabugiz	Туябугиз	41.2007601	69.1090143	25	1287
Tuyabo'g'iz	Tuyabughiz	Туябугуз	40.9952181	69.3021392	24	1142
Tuyabuguz	Tuyabuguz	Туябугуз	40.7101242	69.2141183	16	776
Tuyachi	Tuyachi	Туячи	40.2554318	69.1453684	14	584
Tuzel	Tuzel	Тузель	41.3030372	69.4025388	19	894
U. Yusupov №1 bo'lim	U. Yusupov department №1	У. Юсупова отдел №1	41.1889603	68.9991214	25	1267
U. Yusupov №2 bo'lim	U. Yusupov department №2	У. Юсупова отдел №2	41.1661514	68.9817556	25	1269
Ubait	Ubayt	Убаит	40.9331483	69.6080252	12	360
Uchayrilish	Uchayrilish	Учайрылыш	40.9166353	69.9033499	12	403
Uchbau	Uchbau	Учбау	41.4445686	69.8458993	15	667
Uchkiz	Uchkiz	Учкыз	40.8703195	70.2284983	12	343
Uchtepa	Uchtepa	Учтепа	40.8156638	69.1078991	16	734
Uchtepa	Uchtepa	Учтепа	40.7345198	69.0131526	13	455
Uchterak	Uchterak	Учтерак	41.5326303	69.9371782	15	669
Ugam	Ugam	Угам	41.2342557	69.7686236	21	1031
Ugam-Chotqol milliy bog'i	Ugam-Chatkal National Park	Угам-Чаткальский национальный парк	41.1793331	69.8842239	21	987
Ujakent	Ujakent	Уджакент	40.8768878	68.8458167	20	977
Ulja	Ulja	Ульджа	40.9239307	68.8715577	20	962
Ulug'bek	Ulugbek	Улугбек	41.0139476	69.0480267	20	938
Ulug'bek	Ulugbek	Улугбек	41.4038597	69.4551460	19	857
Unbeshaul	Unbeshaul	Унбешаул	41.0627922	69.3821622	24	1155
Ungurlikan maydoni	Ungurlikan field	Месторождение Унгурликан	40.8299768	69.9324911	12	423
Unkurgan	Unkurgan	Ункурган	41.3456343	69.1458591	23	1111
Urgaz	Urgaz	Ургаз	40.8304277	69.7841294	12	409
Urtaaul	Urtaaul	Уртааул	40.8274987	69.4159153	22	1085
Urtaaul	Urtaaul	Уртааул	40.8029175	68.8939754	13	485
Urungach	Urungach	Урунгач	41.9094053	70.3485776	15	696
Usmanata	Usmanata	Усманата	41.0043322	69.2278486	24	1211
Usmonobod	Usmanabad	Усманабад	41.2661693	69.5077585	26	1332
Uvaq	Uvak	Увак	40.9843979	69.9605541	12	377
Uvaq	Uvak	Увак	40.9693122	69.9685336	12	375
Uyali	Uyali	Уялы	40.9570307	69.1192472	20	956
Uyali	Uyali	Уялы	40.9547411	69.1062955	20	948
Uyas	Uyas	Уяс	40.5495988	69.1795229	14	545
Uyg'ur	Uygur	Уйгур	41.0708330	69.2680560	24	1198
Uymaut	Uymaut	Уймаут	41.3996863	69.4900762	19	921
Uyshun	Uyshun	Уйшан	40.9291166	69.5004710	24	1218
Uzar	Uzar	Узар	40.9310991	69.5719981	12	355
Uzumzor	Uzumzar	Узумзар	41.0701224	68.8418520	17	813
Uzunbulak	Uzunbulak	Узунбулак	41.0275780	70.2310484	12	324
Uzunsay	Uzunsay	Узунсай	40.9802958	69.5191310	12	350
VF	VF	ВФ	41.4168425	69.5689049	26	1328
Vahrushev nomidagi №15 sovhoz	state farm №15 them. Vakhrushev	совхоз №15 имени Вахрушева	40.9200560	69.3883233	22	1084
Vasilkara	Vasilkara	Василькара	40.8914532	69.2746559	22	1066
Vatan	Vatan	Ватан	40.9368225	68.9137432	20	964
Veteran	Veteran	Ветеран	41.1366031	69.1214445	25	1252
Vodniy uzel	Vodniy uzel	Водный узел	41.4100297	69.5777468	26	1323
Voenstroy	Voenstroy	Военстрой	40.9011652	68.8249751	20	971
Volkov 4-bo'lim	Volkov department №4	Волков отдел №4	40.9580823	68.9025250	20	959
Yahshiaul	Yakhshiaul	Яхшиаул	41.0733283	69.3100570	24	1180
Yahshiboytepa	Yakhshiboytepa	Яхшибайтепа	40.8290798	69.1773575	16	756
Yakalau	Yakalau	Якалау	40.8549692	69.3308601	22	1082
Yakkabag	Yakkabag	Яккабаг	40.8470371	69.9899296	12	421
Yakkatut	Yakkatut	Яккатут	41.6159119	70.0873634	15	622
Yamantapa	Yamantapa	Ямантама	40.7740802	69.1536331	16	760
Yamgurchi	Yamgurchi	Ямгурчи	41.0276122	69.2343372	24	1205
Yangi Chinoz	Yangi Chinaz	Янги Чиназ	40.9100000	68.7155560	17	802
Yangi Islohat	Yangi Islokhat	Янги Ислохат	40.9691730	68.8892787	17	818
Yangi hayot	Yangi Khayot	Янгихаёт	40.9441547	68.9423146	20	963
Yangi hayot	Yangi hayot	Янгихаят	41.2958483	69.4003432	19	895
Yangi hayot	Yangi hayot	Янги хаёт	40.9502160	68.8092531	17	833
Yangi hayot	Yangi hayot	Янги хаёт	40.2550731	69.2486562	14	593
Yangi hayot	Yangi hayot	Янги хаёт	40.4621549	69.1612286	14	534
Yangi mahalla	Yangi mahalla	Янгимахалля	41.4676056	69.5933271	19	912
Yangiabay	Yangiabay	Янгиабай	40.8589080	69.7001036	12	383
Yangiaul	Yangiaul	Янгиаул	41.0138487	68.8020506	17	824
Yangibino	Yangibino	Янгибино	40.9232986	69.5940381	12	356
Yangibog'	Yangibog	Янгибаг	41.2139536	69.1548984	27	1391
Yangibozor	Yangibazar	Янгибазар	41.3150306	69.5230125	26	1288
Yangichavlisoy	Yangichaulisay	Янгичаулисай	40.7150459	69.1128411	16	719
Yangihayot	Yangihayot	Янгихаёт	40.9987672	69.3642008	24	1228
Yangihayot	Yangihayot	Янгихаят	40.9697197	69.1568300	24	1223
Yangihayot	Yangihayot	Янгихаёт	41.0017988	69.3668325	24	1151
Yangihayot	Yangihayat	Янгихаят	40.4777150	69.1292839	14	556
Yangijoy	Yangijoy	Янгижой	40.7225862	69.0416558	13	456
Yangikishlak	Yangikishlak	Янгикишлак	41.0752780	69.5841670	12	288
Yangiobod	Yangiabad	Янгиобад	41.1532939	68.9067359	25	1272
Yangiobod	Yangiabad	Янгиабад	40.9274413	69.2792095	22	1063
Yangiobod	Yangiabad	Янгиабад	41.0269875	68.7542448	17	819
Yangiobod	Yangiabad	Янгиабад	40.7934908	69.1256235	16	739
Yangiobod	Yangiabad	Янгиабад	40.2345824	69.1783426	14	590
Yangiobod	Yangiabad	Янгиабад	40.3389772	69.1461118	14	552
Yangiobod	Yangiabad	Янгиабад	41.1192264	70.0934799	12	277
Yangiobod 2-bo'lim	Yangiabad department №2	Янгиабад отдел №2	41.0523114	68.7490862	17	804
Yangiobod 4-bo'lim	Yangiabad department №4	Янгиабад отдел №4	41.0755910	68.8022784	17	811
Yangiovul	Yangiaul	Янгиаул	41.4974634	69.6599385	15	711
Yangiqadam	Yangikadam	Янгикадам	40.6469178	69.2918615	16	785
Yangiqo'rg'on	Yangikurgan	Янгикурган	41.4226665	69.5863817	26	1324
Yangiqo'rg'on	Yangikurgan	Янгикурган	40.7471291	69.0296645	16	723
Yangiqo'rg'on	Yangikurgan	Янгикурган	41.5743808	70.0796572	15	670
Yangisanganak	Yangisanganak	Янгисанганак	40.7367911	69.1543979	16	748
Yangitosh	Yangitash	Янгиташ	41.0773874	69.2026730	24	1217
Yangiturmush	Yangiturmush	Янгитурмаш	41.2444750	69.0906827	27	1383
Yangiturmush	Yangiturmush	Янгитурмуш	41.1536457	69.2977364	24	1200
Yangiturmush	Yangiturmush	Янгитурмуш	40.8486120	68.8975286	20	979
Yangiturmush	Yangiturmush	Янгитурмаш	40.7284701	69.0811432	16	747
Yangiyo'l	Yangiyul	Янгиюль	41.0686110	69.1961110	24	1216
Yangiyo'l mahallasi	Yangiyol mahallasi	Янгиюль махалля	41.4003488	69.3683957	19	873
Yardam	Yardam	Ярдам	40.8792656	69.6232273	22	1047
Yayilma	Yayilma	Яйилма	41.3517929	69.6160596	21	998
Yayilma tabiiy maydoni	Yaiylma natural boundary	Яилма урочище	40.5863581	69.2999762	14	509
Yettiruv	Yettiruv	Еттирув	40.8432035	69.0497638	13	451
Yik-Ota	Yik-Ota	Йик-Ота	41.2279934	69.3717601	26	1295
Yo'ng'ichqala	Yongichkala	Юнгучкала	41.1286854	69.2627716	24	1199
Yollama	Yallama	Яллама	40.9542616	68.7397823	17	795
Yon-Ariq	Yonarik	Ёнарык	40.9133737	69.7928630	12	408
Yoriq	Yorik	Ярык	41.0127292	69.2642381	24	1194
Yoshlik	Yoshlik	Ёшлик	40.5869409	69.2486643	14	508
Yovarik	Yovarik	Яварык	41.4354090	69.2069160	23	1103
Yubileyniy	Yubileyniy	Юбилейный	41.5973833	70.0261561	15	674
Yugantepa	Yugantepa	Югантепа	41.1414795	69.1424282	25	1250
Yukari-Kariz	Yukari-Kariz	Юкары-Кариз	40.8316668	69.4418038	22	1086
Yumalak	Yumalak	Юмалак	41.4408338	69.5704389	18	846
Yuqori Qoʻshtamgʻali	Yukari Kushtamgali	Юкари Куштамгали	40.2693986	69.1460345	14	582
Yuqori Yalpoqtepa	Yukari-Yalpaktepa	Юкары-Ялпактепа	40.9165738	69.7584326	12	386
Yuqori Yalpoqtepa	Yukari-Yalpaktepa	Юкары-Ялпактепа	40.9085976	69.7702562	12	279
Yuqori-chirchiq	Yukori-chirchik	Верхне-чирчикский	41.5100000	69.6186612	18	847
Yuqoriovul	Yukoriaul	Юкарыаул	40.9933296	69.4394583	24	1229
Yusufhona	Yusufhana	Юсупхана	41.6179196	70.0434397	15	618
Yusupov nomidagi kombinat №2 bo'lim	Yusupov combine department №2	комбинат имени Юсупова отдел №2	41.1761501	68.9226181	25	1271
Yuzuruk	Yuzuruk	Юзурук	41.4146886	69.6789858	21	1002
Zafar	Zafar	Зафар	40.9834802	68.8994590	17	797
Zafar	Zafar	Зафар	40.3783320	69.2520058	14	501
Zafar	Zafar	Зафар	40.8149350	69.0134154	13	439
Zagadan	Zagadan	Загадан	41.0183172	69.9879104	12	300
Zakirov	Zakirov	Закиров	41.2262406	69.2917716	27	1390
Zangar	Zangar	Зангар	40.9010581	68.8392181	20	972
Zangiota	Zangiata	Зангиата	41.2017147	69.1620098	27	1352
Zarbdar	Zarbdar	Зарбдар	40.8938066	69.2108995	13	472
Zarbdor	Zarbdar	Зарбдар	40.5265651	69.1801112	14	543
Zarkent	Zarkent	Заркент	41.2768368	69.8047919	21	1036
Ziyoli	Ziyoli	Зиёли	40.3493869	69.2989172	14	516
Zomin	Zomin	Зомин	40.3172832	69.1658597	14	571
